isr_entry,c_entry,first_try_lock_mm_and_find_vma_start,first_try_handle_mm_fault_with_mm_lock_start,first_try_handle_mm_fault_with_mm_lock_page_table_walk_end,first_try_handle_mm_fault_with_mm_lock_end,c_exit,iret,end
704,164,220,124,324,332,212,80,616
724,136,244,40,400,172,104,56,484
728,140,220,40,292,140,100,60,452
724,140,156,40,288,140,104,60,460
724,140,164,44,316,148,108,60,452
720,140,156,40,292,132,104,56,452
720,140,156,44,284,132,104,60,456
720,140,264,44,300,132,200,56,452
720,136,160,40,312,128,104,64,448
724,140,156,40,284,132,104,60,452
720,140,156,40,296,136,100,60,456
724,140,160,36,288,132,104,56,460
720,140,160,36,284,132,104,56,456
724,140,160,36,324,136,104,60,456
720,140,156,44,332,128,156,60,452
724,140,160,44,284,128,104,60,452
724,136,160,40,332,132,120,60,448
720,136,160,40,320,128,104,60,452
720,140,156,40,288,132,104,56,460
724,140,180,44,288,132,104,56,464
732,136,236,44,392,152,176,60,480
720,136,160,40,288,128,172,60,456
724,136,164,40,284,132,104,56,452
724,136,156,44,288,132,100,60,456
724,140,160,36,324,132,104,56,456
728,136,160,40,284,136,104,64,452
728,136,168,40,280,132,104,64,452
567,108,165,33,246,105,81,45,360
567,108,123,33,231,111,93,45,357
573,108,129,30,231,102,81,45,360
771,120,204,36,579,285,81,87,423
615,111,135,36,288,108,90,48,384
612,114,135,36,210,123,78,51,384
615,111,135,36,228,108,90,48,384
615,111,183,36,366,117,87,51,384
603,123,138,27,294,117,90,48,384
612,114,141,36,216,117,87,51,384
615,111,141,36,213,117,90,48,384
612,114,135,36,213,120,81,48,396
615,120,126,36,234,108,90,48,384
612,114,135,27,222,108,90,48,384
615,111,144,36,303,141,87,51,384
606,123,138,27,228,108,90,51,384
615,114,141,36,228,108,90,48,387
615,114,180,39,246,123,180,60,372
612,114,180,27,330,117,78,51,384
612,123,126,36,219,108,90,51,384
615,111,180,39,255,129,90,48,384
612,123,144,27,225,138,90,48,384
615,114,141,36,216,117,90,48,387
615,114,186,39,219,120,78,60,384
588,108,201,27,249,105,171,42,372
585,111,141,27,204,105,87,54,357
603,111,123,27,228,105,96,42,372
588,108,123,27,240,105,84,42,372
588,108,138,27,321,126,69,57,369
585,126,123,27,249,105,84,42,372
588,108,147,27,222,120,72,54,393
585,111,123,42,216,105,84,57,357
588,108,123,42,300,105,87,39,372
603,108,123,27,243,105,84,42,372
588,108,123,42,210,105,87,39,372
588,108,138,27,369,2883,177,60,552
726,123,153,36,291,135,78,51,417
615,111,162,39,225,108,90,48,387
654,138,255,27,705,222,90,102,399
585,126,171,42,210,123,87,54,372
588,111,120,45,231,105,87,54,360
588,108,123,45,207,105,87,54,357
591,108,189,27,243,105,87,39,372
585,111,123,42,240,105,156,39,372
585,111,138,27,225,123,96,42,372
600,111,123,27,240,105,87,39,372
588,111,195,42,270,105,135,57,393
591,111,123,42,240,141,87,39,393
585,111,144,27,234,120,90,39,372
585,126,384,27,210,105,87,54,357
591,108,123,45,204,114,84,57,354
603,108,123,30,225,117,87,39,393
588,108,123,45,255,105,168,54,393
585,111,138,27,213,105,96,57,369
585,111,138,27,207,105,87,57,372
591,111,123,42,210,120,153,42,375
585,108,123,45,216,102,87,57,354
588,111,123,42,234,105,87,57,372
585,111,141,30,231,102,87,54,372
588,111,120,45,279,105,87,39,375
588,126,123,27,207,120,72,57,372
585,111,186,27,225,108,87,39,372
591,108,138,30,255,105,87,39,372
585,111,126,45,258,105,87,54,372
585,111,222,42,222,108,153,42,372
588,108,123,45,216,105,87,39,372
588,111,123,42,249,105,87,54,372
588,111,144,30,252,105,96,42,372
585,111,141,27,213,105,87,54,372
588,108,138,30,264,105,87,42,369
603,108,129,30,222,102,99,39,372
588,108,123,45,237,138,96,42,372
588,111,129,42,276,105,87,39,372
588,111,198,27,225,105,87,39,375
585,111,150,42,207,105,99,54,357
588,108,138,30,210,105,87,54,393
588,111,144,30,234,105,87,42,396
585,108,129,45,228,105,87,57,372
585,108,123,45,216,105,87,39,372
585,123,186,27,276,105,84,42,369
579,111,210,42,285,126,96,57,357
615,114,132,39,240,132,81,48,384
603,120,126,39,222,108,93,48,384
612,114,135,36,222,117,90,48,384
612,114,138,39,228,108,90,51,381
603,123,135,27,231,132,90,51,579
615,123,126,36,234,108,90,51,384
603,120,141,27,318,108,87,51,414
588,108,123,45,210,105,87,42,372
603,108,186,30,303,105,96,54,396
588,111,123,42,225,105,87,57,354
588,123,129,27,246,105,87,42,372
588,111,174,30,204,135,84,42,372
585,111,129,45,207,105,90,54,357
585,111,135,30,207,111,87,54,372
588,108,147,27,210,105,87,57,396
585,126,123,27,255,102,87,42,369
591,108,144,27,267,108,84,42,372
588,123,198,27,312,111,87,54,372
585,111,123,42,246,120,72,54,372
588,108,129,42,216,105,87,39,372
591,111,189,27,237,105,87,39,375
585,126,123,27,231,105,87,39,372
588,126,120,30,228,111,87,42,396
588,111,138,27,306,111,87,54,357
591,123,186,27,228,144,87,42,396
585,108,123,45,285,105,87,39,372
585,111,144,30,228,105,87,39,372
618,111,120,45,210,105,87,42,372
588,126,123,27,225,105,87,42,372
585,108,138,30,228,123,75,54,372
588,126,144,45,219,105,87,39,372
603,111,126,30,225,105,84,42,372
588,123,129,27,249,108,87,42,369
585,111,129,42,237,105,84,57,372
588,108,123,45,234,105,99,54,375
585,111,138,27,222,105,87,57,369
612,111,156,27,444,135,87,54,357
588,123,126,30,297,120,72,57,369
591,108,123,45,294,105,87,39,372
588,111,120,45,213,102,87,57,354
585,111,123,42,276,105,87,39,375
588,111,123,42,216,105,87,39,372
588,108,144,27,216,138,87,42,372
588,111,123,42,207,105,87,39,372
588,126,123,27,270,111,87,54,357
585,126,123,27,261,105,87,42,369
591,111,126,45,234,105,84,57,393
588,123,123,30,231,105,87,42,393
588,111,138,27,216,105,87,54,372
585,126,120,30,228,111,87,39,372
585,111,123,27,231,102,87,42,369
585,108,123,45,210,105,87,57,354
588,108,138,30,219,102,90,54,375
588,111,126,42,315,105,129,57,372
588,111,141,30,219,141,69,57,369
603,111,123,27,231,123,87,39,372
591,123,186,27,282,129,87,54,396
588,123,129,27,303,120,72,54,372
585,111,138,27,219,126,87,39,393
585,111,138,27,207,105,87,57,354
585,111,120,30,231,123,84,42,369
588,126,120,30,228,105,87,42,372
588,111,120,45,258,138,87,39,372
585,111,123,42,213,105,87,39,372
585,126,141,42,234,108,156,39,372
606,108,123,30,219,105,96,42,372
588,126,123,27,258,108,87,39,372
585,108,156,27,219,102,177,57,369
603,111,120,30,273,108,84,57,372
585,126,123,27,231,105,87,39,372
585,126,168,42,216,150,72,54,393
603,111,126,45,210,105,87,39,372
585,111,123,42,306,102,87,42,369
588,111,177,27,210,132,87,42,372
588,111,138,27,279,105,87,42,372
600,108,123,30,225,105,87,39,372
606,108,129,45,204,105,87,39,375
588,108,123,45,210,108,84,42,369
588,111,135,30,213,105,87,54,372
591,111,168,30,237,105,87,39,375
585,111,138,27,246,105,99,39,372
600,111,153,42,213,105,87,54,357
588,123,195,27,210,105,87,54,372
591,126,120,30,204,120,72,54,375
591,126,186,27,243,117,141,54,360
606,108,159,45,207,105,162,39,375
588,111,126,45,252,117,72,57,393
588,111,183,42,210,105,87,42,396
588,123,198,27,279,105,84,42,369
603,108,123,30,219,105,87,42,369
603,111,120,30,279,105,87,54,372
588,108,138,30,216,105,87,57,369
585,108,123,45,213,105,87,54,357
585,111,123,42,210,114,87,42,369
588,108,129,42,210,105,96,57,354
585,111,123,42,216,105,84,57,357
603,111,126,45,210,105,87,42,369
600,108,123,30,258,102,87,39,372
585,111,123,42,219,114,87,54,372
585,108,144,27,228,105,84,57,369
588,108,123,45,240,117,87,54,372
585,111,138,27,204,120,87,57,372
585,111,138,27,300,105,84,57,369
585,108,138,30,216,105,87,54,372
603,108,123,30,267,108,87,54,375
624,114,159,27,273,150,90,51,381
606,123,135,27,231,108,93,48,384
615,111,135,39,213,108,90,48,384
606,120,201,39,246,111,90,51,381
615,111,135,39,210,129,90,51,384
615,114,132,39,246,108,90,48,387
606,120,204,36,318,117,90,48,384
612,111,135,39,294,105,90,51,381
603,108,123,27,261,105,84,57,357
603,111,129,27,249,114,96,54,372
594,111,195,42,390,123,87,39,378
588,111,138,27,213,105,84,57,369
588,126,123,27,258,105,87,42,369
588,126,123,27,288,105,87,54,375
603,108,123,27,228,105,87,39,372
591,108,129,42,204,105,96,54,360
588,111,123,42,213,105,84,57,357
585,111,138,27,222,138,84,42,369
588,111,138,27,210,105,84,57,372
588,111,123,42,312,108,84,57,357
588,108,123,42,243,120,72,54,372
588,108,123,42,267,126,69,57,369
585,126,126,27,228,105,87,39,372
588,111,138,27,207,105,87,54,375
588,111,138,27,297,105,87,54,363
588,111,144,27,210,105,87,54,375
585,111,141,27,204,108,84,57,372
585,111,138,27,237,105,87,42,372
588,126,126,27,210,120,72,54,375
603,111,129,45,231,105,159,42,375
588,111,138,27,297,111,87,54,360
588,123,123,27,273,111,84,57,372
585,126,123,27,240,105,87,42,393
588,111,123,42,213,105,84,42,372
585,111,141,27,237,105,84,42,372
588,126,123,27,246,114,87,39,375
588,111,138,27,294,105,84,42,372
585,126,123,27,213,120,72,54,372
588,108,123,42,225,105,87,39,372
585,111,138,27,210,105,84,57,375
588,111,123,42,207,105,84,42,375
585,111,129,42,237,105,87,54,375
588,123,123,27,288,105,84,57,375
588,126,123,27,228,105,87,39,375
588,108,129,42,219,105,87,42,372
606,108,123,27,321,114,87,39,375
588,111,123,42,204,105,84,42,372
585,111,174,27,228,105,84,57,372
591,108,123,42,222,105,84,57,360
606,111,123,27,231,108,87,39,396
588,126,138,27,327,108,141,57,372
588,126,129,27,222,105,87,39,375
591,108,123,42,216,105,84,57,357
588,108,144,27,210,105,84,57,369
603,111,129,45,210,105,159,39,372
603,108,123,27,282,105,84,57,372
585,111,147,27,207,105,87,54,357
603,108,129,42,255,111,87,54,372
585,111,144,27,213,120,69,57,372
600,111,126,27,228,105,84,42,372
585,111,141,27,288,105,84,42,372
585,111,138,27,216,132,96,42,372
588,123,171,42,216,105,84,57,396
588,108,144,27,204,123,87,54,372
588,111,141,27,222,135,69,57,369
588,126,123,27,288,102,87,54,372
600,111,123,27,228,105,84,42,372
588,126,123,27,213,120,72,54,375
603,108,123,27,222,105,87,39,372
585,111,123,42,216,105,84,42,369
585,111,138,27,207,105,87,54,372
588,108,138,27,255,105,87,39,372
591,126,123,27,243,105,87,39,375
588,108,129,42,249,138,87,39,393
588,111,144,27,216,105,84,57,372
588,111,144,27,213,120,69,57,372
588,111,123,42,216,105,87,54,357
588,111,138,27,252,105,99,39,375
603,108,129,27,228,108,84,42,375
588,111,129,42,285,105,87,39,396
603,108,123,27,231,105,84,42,369
585,126,129,27,225,123,84,42,372
585,111,144,27,300,111,156,39,372
585,111,123,42,258,120,93,42,372
600,111,126,27,225,105,87,42,372
603,111,126,27,228,105,87,39,375
588,111,141,27,210,105,87,57,372
588,126,123,27,285,105,84,57,372
588,111,123,42,258,120,72,54,372
594,126,144,42,321,123,159,42,372
588,126,144,42,228,120,174,54,360
585,126,126,27,237,105,87,42,369
588,108,198,42,207,105,96,42,372
591,111,195,27,357,105,84,42,372
591,108,123,42,294,105,84,42,372
606,108,123,27,240,105,84,42,372
591,108,123,42,237,105,87,54,375
591,108,138,27,252,105,87,39,372
591,108,123,42,216,102,87,39,375
585,126,123,27,237,105,84,42,372
588,111,138,27,213,108,96,54,372
603,111,123,27,228,105,96,42,372
585,111,192,27,228,123,84,42,369
588,126,123,27,228,111,87,39,375
600,111,123,27,222,105,84,42,372
615,120,153,36,258,114,108,51,384
615,123,126,36,225,108,90,48,384
606,120,399,39,339,111,87,51,381
603,123,138,39,216,108,90,48,384
615,111,135,39,267,117,93,48,384
615,111,135,30,225,108,90,48,384
588,108,138,30,294,105,87,57,354
567,108,123,33,348,105,144,48,378
567,111,120,33,207,102,84,48,357
564,111,123,30,225,105,84,42,357
570,108,144,36,345,105,162,48,357
564,111,123,30,210,102,96,45,357
570,105,123,36,201,102,84,45,354
573,111,240,30,255,102,81,45,357
567,105,126,33,315,102,84,48,354
564,111,123,30,222,102,81,48,357
570,108,126,30,204,105,81,45,357
564,111,123,30,222,102,81,45,357
567,108,120,36,219,102,78,48,354
567,108,123,33,198,108,84,45,357
567,108,126,30,285,102,81,45,357
573,105,123,36,198,108,78,48,354
576,111,123,30,210,138,81,45,357
570,108,123,33,210,123,78,48,354
567,108,123,33,207,102,96,45,357
573,111,123,30,216,111,78,48,357
570,111,123,33,294,102,90,48,357
567,108,123,33,207,105,84,45,354
570,111,180,30,201,102,81,48,354
570,105,126,36,210,102,81,48,357
570,108,123,33,270,108,81,45,357
570,105,123,36,264,105,78,48,354
570,105,123,36,276,105,81,48,354
570,108,126,36,201,129,78,48,360
567,108,123,33,213,120,84,45,360
570,105,123,36,207,99,84,48,354
570,108,123,33,249,111,81,45,357
564,111,123,30,213,99,84,48,351
567,105,123,36,246,129,81,48,351
570,111,120,33,216,102,84,45,354
570,111,120,33,246,102,81,48,357
567,105,123,36,234,105,81,48,354
564,111,123,30,213,102,84,45,354
570,108,126,36,222,102,84,45,360
564,108,123,33,312,105,81,45,357
570,105,123,36,297,105,81,45,357
564,111,126,36,207,105,81,48,354
567,105,126,33,207,120,81,45,357
570,108,120,36,213,102,81,45,357
570,111,123,30,219,102,84,45,357
570,105,123,36,228,111,96,45,354
570,108,123,33,207,117,84,48,354
567,105,123,36,273,105,78,48,354
567,105,123,36,210,135,78,48,381
570,105,183,30,204,102,81,45,357
567,108,123,33,207,105,81,48,354
570,111,132,36,201,102,84,48,384
570,108,123,33,204,108,84,48,354
567,105,132,33,261,126,78,48,354
567,108,129,33,285,102,84,42,357
570,105,123,36,210,102,81,45,357
573,105,123,36,246,126,81,48,357
627,111,177,33,543,156,81,45,381
564,108,123,33,210,102,78,48,354
567,111,123,30,216,117,81,48,354
570,108,123,33,237,102,84,45,354
570,105,123,36,216,123,141,48,351
570,105,168,30,231,105,84,45,357
567,108,129,33,264,102,81,45,357
570,105,123,36,195,108,81,48,351
567,111,123,30,228,132,84,45,357
567,108,129,33,210,126,81,45,357
576,105,129,30,207,102,81,48,357
567,108,129,30,216,105,78,48,357
567,111,123,30,300,123,81,45,357
564,108,123,33,207,102,84,42,357
570,105,126,33,210,99,81,48,354
564,111,120,33,210,102,84,45,354
573,111,123,30,219,132,81,45,357
564,108,129,33,228,102,84,45,357
564,111,123,30,285,114,81,48,354
570,108,180,30,369,105,144,48,354
567,108,147,36,273,117,84,42,357
567,111,123,30,273,102,81,48,357
567,108,165,36,213,132,84,48,351
564,111,126,36,216,102,81,48,357
570,108,126,30,213,102,81,45,360
570,105,132,30,198,108,81,45,357
573,108,120,36,210,102,93,48,357
570,111,123,30,213,102,93,48,357
570,108,129,33,219,108,81,45,357
567,111,120,33,207,102,84,48,351
591,108,126,30,210,102,144,48,354
567,111,123,30,213,102,84,45,360
564,108,123,33,273,102,81,45,357
567,108,126,30,348,105,135,48,354
564,108,129,33,276,102,84,48,354
564,108,123,33,210,99,84,48,351
567,111,123,30,288,105,135,45,360
567,108,123,33,204,102,81,45,360
567,108,129,33,210,99,93,48,381
567,108,132,33,237,117,150,48,381
570,111,123,30,282,102,78,48,357
564,111,126,36,216,120,78,48,357
570,108,150,30,231,102,81,45,360
567,108,123,33,204,108,81,45,357
615,111,162,27,312,123,90,48,414
615,111,135,36,237,108,90,48,384
606,123,138,27,333,117,90,48,408
606,120,135,27,225,108,90,48,384
615,111,135,36,255,132,90,48,384
603,123,126,36,240,108,87,51,384
615,114,135,36,216,120,90,48,384
588,111,141,27,285,105,84,42,375
564,111,123,30,207,123,81,48,354
573,108,126,33,207,102,84,48,357
570,108,123,33,228,126,81,45,357
567,111,123,30,213,102,84,42,357
570,108,123,33,231,105,81,45,360
570,108,126,36,249,105,81,45,357
570,105,126,33,225,105,93,42,357
567,108,132,30,210,102,84,42,357
564,108,123,33,216,102,84,45,357
567,105,123,36,213,102,81,45,357
567,108,123,33,201,102,84,45,354
564,111,123,30,216,102,84,45,357
570,108,126,30,213,117,78,48,357
567,108,123,33,303,105,138,48,354
567,111,123,30,207,102,84,42,357
570,108,123,33,279,105,81,48,357
570,108,180,30,234,102,216,48,381
564,111,123,30,225,102,81,45,357
564,111,126,33,222,129,93,48,354
564,108,123,33,270,111,81,45,357
570,108,123,33,213,105,84,45,357
567,108,123,33,228,102,84,48,357
567,108,123,33,267,114,81,45,357
564,111,123,30,210,105,81,48,351
567,111,123,30,207,114,84,48,357
567,108,123,33,231,111,81,48,354
567,108,123,33,234,114,78,48,354
576,108,144,36,393,123,84,45,360
570,105,123,36,222,102,99,45,357
567,111,123,30,207,99,81,48,357
567,111,120,33,240,141,84,48,357
570,108,123,33,273,99,84,48,354
573,111,120,33,207,102,81,45,360
564,111,123,30,213,99,84,48,354
567,111,123,30,204,102,81,48,357
567,111,123,30,258,111,84,45,357
567,108,129,33,303,105,78,48,357
570,108,123,33,198,102,84,48,357
567,108,138,30,267,105,84,45,360
570,111,123,30,234,102,84,48,360
567,108,126,30,213,102,81,45,357
567,105,123,36,240,108,81,48,351
567,105,123,36,243,102,84,45,354
567,108,123,33,234,102,84,45,357
570,105,123,36,249,135,81,45,357
570,108,165,33,207,114,81,48,354
570,111,120,33,237,102,84,45,354
570,108,126,33,204,99,84,48,354
567,111,177,33,417,111,138,48,357
567,105,123,36,228,111,78,48,354
567,105,123,36,318,108,81,45,357
567,108,126,30,198,111,81,48,354
567,111,132,33,204,108,81,48,357
570,105,123,36,216,102,84,42,357
564,111,123,30,231,102,81,45,357
570,105,150,33,201,102,84,45,354
567,108,129,33,204,114,81,48,354
570,108,120,36,225,105,81,45,357
567,108,123,33,318,123,81,45,357
573,108,120,36,240,123,81,45,360
564,108,123,33,279,102,81,48,354
570,105,138,36,198,102,84,42,357
567,108,126,30,261,102,81,45,357
567,105,132,30,219,102,84,45,354
564,111,123,30,249,132,84,45,354
567,111,123,30,207,102,84,42,360
573,108,123,33,249,102,81,48,357
567,108,123,33,249,102,81,48,357
570,108,120,36,273,117,81,45,357
570,105,123,36,213,102,81,45,360
567,105,150,33,237,102,81,48,357
570,108,120,36,216,99,81,48,357
564,111,123,30,207,123,81,45,357
570,111,129,30,234,132,78,48,357
567,111,123,30,273,105,78,48,354
567,111,123,30,207,114,81,45,360
567,108,123,33,234,102,81,48,351
570,108,132,30,213,102,81,45,357
570,111,123,30,279,138,81,48,351
564,108,129,33,204,102,84,45,357
570,105,168,36,348,102,81,48,351
567,111,120,33,240,99,84,48,354
567,111,123,30,273,105,81,45,357
570,111,123,30,222,108,81,45,357
564,111,126,33,249,102,81,45,357
564,111,153,33,420,111,144,48,351
570,105,138,33,246,105,84,45,357
573,105,123,36,273,99,84,48,357
570,111,183,33,240,123,81,45,357
567,111,123,30,255,102,81,45,357
564,108,129,30,234,102,84,45,354
570,105,129,33,204,105,81,45,357
564,111,126,36,294,102,84,45,354
570,105,123,36,213,99,81,48,357
567,111,123,30,249,141,81,48,354
570,105,129,33,216,111,84,48,354
567,111,126,33,273,123,81,45,357
567,111,123,30,207,102,78,48,354
570,108,123,33,204,102,84,45,360
564,111,126,33,231,102,84,45,354
606,123,153,39,279,114,90,48,384
603,123,135,27,288,117,81,60,372
615,111,135,39,234,165,150,48,396
612,123,126,36,291,105,90,51,381
612,114,141,36,252,138,90,48,384
606,123,162,39,255,138,150,51,384
621,114,135,36,333,147,78,60,372
570,108,186,30,306,102,84,45,360
564,111,126,30,234,102,81,48,357
567,108,123,30,279,102,78,48,357
570,108,123,30,213,120,84,42,360
570,108,129,30,201,129,78,48,357
567,108,123,30,267,105,81,45,360
570,108,168,30,201,105,81,45,357
567,111,123,30,210,102,81,48,357
570,108,123,33,204,102,84,45,357
570,105,159,30,294,105,78,48,357
570,105,132,30,204,105,81,45,357
564,111,129,33,207,105,78,48,357
567,108,132,33,222,102,78,48,357
573,108,150,30,240,105,78,48,357
570,108,123,30,210,102,81,45,357
570,105,144,33,300,108,165,48,360
567,111,123,30,210,102,81,48,354
570,105,126,30,204,111,78,48,357
567,111,141,33,336,105,144,48,354
567,108,123,30,252,105,81,45,357
567,108,123,33,201,102,81,48,354
567,111,159,33,312,102,192,48,357
567,108,126,30,237,105,78,48,354
579,105,123,33,255,132,81,45,360
573,108,204,33,219,105,78,48,357
567,111,126,30,210,123,84,48,357
570,111,123,30,207,102,78,48,360
570,111,183,33,255,108,192,45,360
567,108,123,30,210,99,84,42,357
570,105,126,30,204,105,81,45,357
570,108,126,30,258,102,150,45,363
570,105,129,33,228,105,81,45,360
567,108,126,30,201,108,78,48,357
570,105,123,30,210,102,96,45,357
570,105,123,33,204,108,81,45,360
567,108,123,30,210,102,78,48,354
570,108,123,33,216,102,78,48,357
570,108,123,33,267,102,81,45,360
567,108,126,30,258,102,81,45,357
570,108,135,33,258,105,81,48,357
567,111,123,30,204,102,78,48,357
570,108,123,33,204,132,81,45,357
570,105,135,30,201,117,84,42,357
567,108,132,30,225,135,81,45,357
570,111,123,30,210,102,81,45,360
567,108,300,33,291,111,147,48,357
567,108,123,30,207,120,81,48,357
570,108,123,33,276,108,96,45,363
567,111,192,30,288,99,93,45,360
567,111,123,30,300,102,81,45,357
567,108,177,30,222,102,81,48,357
570,111,180,30,204,102,219,48,357
573,111,123,30,198,105,78,48,357
564,111,126,30,279,102,84,45,354
570,108,123,33,210,105,78,48,357
567,108,126,30,225,123,93,48,354
564,111,123,30,207,102,78,48,357
564,111,201,33,279,105,87,48,357
567,111,123,30,216,102,84,45,354
567,111,183,33,207,102,81,48,360
567,108,126,30,204,105,87,48,357
570,108,123,33,201,111,78,48,357
570,108,123,30,207,102,78,48,357
567,111,123,30,201,108,81,48,351
567,111,123,30,201,105,81,45,357
570,108,126,30,201,105,81,45,357
564,111,162,33,240,102,81,48,357
570,105,123,33,285,102,81,45,357
567,111,126,30,210,120,78,48,357
567,108,138,30,225,108,78,48,357
567,108,129,30,201,117,81,45,357
564,111,123,30,216,105,87,48,357
573,105,123,33,207,105,81,45,360
570,105,132,30,210,111,81,48,357
573,108,123,30,228,102,81,48,357
570,105,123,33,216,102,81,45,357
570,105,132,30,198,105,93,48,354
567,111,123,30,207,102,84,42,357
573,111,165,30,303,111,84,45,354
570,105,174,30,282,105,78,48,357
570,105,132,30,312,108,81,48,357
573,105,180,33,219,111,78,48,357
567,111,123,30,255,102,81,45,357
576,105,123,33,228,108,81,45,357
567,108,129,33,216,102,81,48,381
567,108,123,30,213,102,81,48,351
570,108,126,30,222,102,84,45,360
573,105,126,30,219,102,228,45,354
567,108,132,30,219,117,78,48,357
567,108,129,30,228,102,78,48,357
570,105,123,33,213,102,78,48,357
570,108,180,33,201,102,84,45,360
567,108,123,30,285,105,84,45,357
567,108,159,33,207,105,78,48,357
570,108,123,30,216,105,78,48,357
567,108,123,30,258,99,81,48,354
570,105,123,33,213,102,78,48,357
567,108,123,30,279,102,84,42,357
570,108,123,33,216,105,84,42,357
576,120,132,30,627,183,78,48,384
615,132,171,36,324,153,90,48,408
612,114,135,36,231,108,87,51,405
615,111,147,36,291,117,78,51,384
615,111,135,36,255,108,87,51,381
615,111,156,27,246,135,90,48,387
603,123,150,39,267,120,87,51,384
615,114,138,36,225,117,87,51,387
567,108,126,30,255,102,84,45,360
567,111,123,30,237,114,81,45,360
567,111,123,30,210,120,84,48,351
567,111,132,33,204,105,81,48,357
564,111,123,30,213,99,84,45,354
570,108,123,33,198,102,81,48,360
570,111,123,30,213,102,81,48,354
570,111,129,30,237,120,168,45,384
570,108,132,30,204,105,81,45,387
570,108,126,30,204,138,84,42,360
567,108,141,33,285,105,138,48,357
567,111,126,30,204,102,81,45,357
573,105,123,33,261,102,78,48,360
570,108,126,30,213,105,84,42,360
570,108,126,30,204,105,78,48,357
570,105,123,33,213,102,78,48,360
570,108,123,33,204,105,78,48,357
570,108,123,33,252,105,78,48,357
570,111,123,30,207,102,78,48,360
570,105,123,33,228,102,93,45,357
564,111,123,30,255,117,81,48,354
570,108,126,30,258,102,78,48,357
570,111,129,30,213,105,81,45,357
567,108,129,30,210,102,84,45,357
570,105,129,33,198,102,84,45,354
567,108,150,33,222,105,81,45,357
570,108,129,30,201,105,78,48,357
573,108,123,33,207,105,78,48,360
573,108,135,33,207,102,81,45,384
567,111,123,30,225,123,81,45,387
567,108,126,30,213,102,78,48,354
564,111,126,33,207,123,84,45,357
570,105,132,30,204,105,81,48,354
570,108,129,30,204,102,81,48,357
570,105,126,30,213,102,81,45,357
567,111,123,30,210,102,81,48,360
570,108,132,30,201,105,81,45,360
570,108,123,33,207,123,84,45,357
570,108,123,33,204,117,84,42,360
564,111,177,33,207,105,81,45,384
573,108,180,33,228,102,84,45,360
564,111,123,30,288,105,81,45,357
567,108,129,30,201,108,78,48,354
567,111,126,33,306,114,192,45,360
570,108,129,30,210,102,84,45,360
564,111,123,30,222,102,93,45,354
573,111,123,30,207,174,135,48,360
570,111,123,30,231,102,78,48,357
570,105,132,30,207,102,78,48,357
633,108,240,30,540,150,84,42,384
570,105,123,30,270,102,78,48,360
567,111,123,30,312,129,81,45,384
564,111,123,30,204,102,144,45,384
570,108,129,30,210,102,81,45,360
570,105,129,33,213,102,81,45,363
570,105,123,33,213,123,147,45,357
573,108,123,30,231,102,81,45,357
573,105,123,33,246,102,78,48,360
567,111,123,30,246,102,81,45,360
570,105,132,30,213,102,81,48,378
564,111,123,30,240,120,84,48,354
570,105,123,30,237,105,81,45,357
567,111,123,30,201,102,81,45,357
567,108,129,30,237,105,81,45,357
573,108,126,30,204,105,78,48,360
567,108,123,30,321,99,81,45,357
564,111,123,30,210,102,81,48,354
570,105,123,33,240,123,81,45,384
570,105,123,33,240,102,78,48,357
570,111,126,30,207,102,81,45,360
570,111,123,30,273,105,78,48,360
564,111,123,30,210,102,81,48,351
567,108,183,33,249,102,81,48,357
567,108,126,30,210,102,78,48,357
570,105,123,33,210,108,81,45,357
573,105,123,33,210,117,84,45,354
570,111,129,30,207,123,84,42,357
567,108,177,33,258,126,81,45,357
567,108,123,30,207,117,78,48,357
570,111,123,30,204,120,78,48,354
570,108,132,30,219,117,84,42,360
567,111,123,30,234,123,186,45,360
567,111,123,30,210,114,78,48,357
576,108,180,30,384,123,144,45,384
567,108,138,30,198,102,84,45,360
570,108,126,30,228,105,78,48,357
570,105,183,30,201,105,81,45,360
567,111,129,33,201,102,81,48,357
573,108,129,30,213,102,81,48,357
567,108,177,33,327,105,81,45,360
570,105,132,30,210,102,78,48,357
573,111,123,30,294,105,78,48,357
567,111,147,30,201,105,81,45,357
570,108,123,33,222,102,78,48,357
564,111,123,30,207,102,84,45,378
576,108,192,33,204,105,84,42,360
567,111,123,30,204,102,78,48,354
570,105,129,33,285,126,78,48,357
570,111,138,33,351,141,81,48,354
606,120,126,36,294,135,87,51,387
606,123,138,27,222,108,87,51,384
606,123,144,36,345,135,78,51,384
615,120,126,36,225,108,90,48,384
612,114,135,36,237,108,87,51,384
615,111,135,36,228,108,87,51,381
612,114,135,36,243,111,99,51,384
567,108,123,33,234,111,81,45,357
570,111,123,30,291,108,81,45,384
564,111,126,33,210,102,84,45,381
570,105,132,30,204,105,81,48,354
570,108,168,33,210,105,81,48,384
570,105,123,36,210,102,81,48,354
567,108,123,33,204,102,84,42,357
567,111,120,33,249,105,81,48,357
567,108,126,30,288,105,84,48,351
564,108,123,33,234,105,84,45,357
573,105,123,36,195,126,87,45,354
570,111,129,30,213,102,93,45,357
570,108,120,36,201,108,81,45,357
564,111,123,30,210,117,81,45,357
564,111,123,30,216,102,81,48,357
570,111,123,30,294,126,81,45,360
567,105,189,33,222,102,210,45,357
570,108,123,33,207,105,81,45,357
567,111,123,30,207,123,81,48,354
567,108,123,33,231,105,90,45,357
564,111,126,33,207,102,93,45,357
570,105,126,33,231,102,78,48,354
573,108,144,33,321,126,84,45,357
567,108,123,33,228,105,81,45,357
567,108,123,33,204,102,84,48,354
567,111,123,30,204,108,84,48,360
570,105,123,36,270,102,84,48,351
567,108,123,33,207,105,81,45,357
564,111,129,33,231,105,81,45,357
570,105,123,36,201,105,78,48,354
564,111,129,30,210,102,81,48,351
570,108,123,33,267,105,81,48,354
567,111,123,30,237,102,84,45,357
564,111,126,36,264,120,162,45,357
573,105,183,30,213,99,81,48,357
573,108,123,33,204,102,93,48,357
570,108,123,33,204,102,84,45,357
570,105,123,36,201,114,81,48,354
570,111,126,30,228,102,81,45,360
570,108,123,33,285,102,81,45,357
570,108,132,30,228,105,78,48,357
570,105,126,33,327,102,78,48,381
564,111,123,30,297,102,81,45,357
564,111,123,30,228,102,147,45,357
567,111,126,36,207,105,81,48,357
567,111,123,30,222,123,81,45,357
570,108,120,36,216,105,78,48,357
564,111,126,36,225,102,84,45,357
567,105,129,33,207,105,81,45,357
573,105,132,33,240,102,93,48,354
567,108,129,30,204,102,84,42,357
564,108,123,33,273,102,81,45,357
570,108,132,30,204,105,81,48,357
567,105,132,30,210,102,84,42,357
564,111,123,30,210,102,84,45,354
564,111,132,33,336,99,132,48,354
573,105,123,36,198,141,141,45,381
573,105,129,33,198,102,84,45,360
573,105,126,33,201,105,81,48,357
570,105,123,36,204,105,81,45,357
570,105,123,36,201,105,78,48,354
570,111,126,33,210,141,81,45,357
564,111,123,30,207,102,81,45,357
567,111,123,30,306,111,81,45,360
570,108,126,30,219,102,84,48,357
564,108,123,33,243,129,81,48,354
567,105,132,30,243,105,78,48,354
564,111,120,33,213,123,84,45,357
570,111,123,30,201,108,78,48,354
567,111,126,33,207,102,84,48,354
570,105,129,36,228,105,81,48,354
570,105,123,36,252,111,81,45,357
567,108,126,30,201,105,81,48,354
570,111,192,30,231,126,81,45,357
567,108,123,33,231,99,81,48,357
570,111,126,33,225,99,81,48,354
567,108,129,36,222,102,84,48,351
567,111,126,36,312,102,93,45,360
570,108,123,33,234,102,78,48,354
564,111,126,36,252,126,81,48,351
570,108,126,36,258,99,81,48,354
567,111,129,30,276,117,90,48,354
567,111,123,30,201,102,81,48,354
567,108,123,33,267,105,81,48,354
570,105,135,30,207,102,81,45,357
564,108,123,33,237,105,78,48,354
567,108,132,33,243,105,81,48,354
567,111,123,30,318,102,81,48,360
567,108,126,30,237,102,81,48,354
567,111,123,30,237,102,84,48,354
573,108,123,33,231,105,87,45,354
570,111,123,30,210,102,84,42,357
570,111,123,30,243,105,81,45,357
570,105,123,36,210,129,78,48,354
564,111,123,30,246,102,96,45,357
570,105,123,36,279,105,81,45,357
570,111,129,30,240,105,147,45,360
567,111,126,33,213,102,93,48,354
570,105,123,36,201,102,93,45,357
570,111,168,30,276,126,81,45,357
570,111,123,30,210,102,84,42,357
660,114,216,27,363,141,90,48,405
615,123,126,36,219,114,87,51,384
615,123,126,36,288,108,129,51,384
612,114,135,36,309,120,87,51,384
606,120,135,27,228,108,90,48,414
615,114,135,36,252,114,90,48,414
615,111,141,36,261,117,90,48,384
570,111,123,30,261,105,81,48,357
567,111,126,30,207,111,90,48,357
570,108,123,30,210,108,81,48,354
570,108,129,30,207,102,84,48,354
570,108,123,33,207,111,81,45,357
567,111,126,33,231,111,81,45,381
573,111,123,30,231,114,81,48,357
567,108,132,33,297,102,81,45,357
567,108,129,33,204,102,84,45,357
570,108,123,30,198,105,81,48,357
567,108,129,36,213,102,81,45,384
567,111,123,30,234,102,84,48,360
564,111,123,30,204,105,81,48,354
567,108,123,30,252,108,84,45,354
564,111,129,33,207,108,81,45,360
570,108,126,33,204,114,81,45,357
564,111,123,30,213,105,78,48,357
570,108,123,33,258,105,78,48,357
570,108,132,30,219,114,81,45,357
570,111,123,30,234,102,81,48,360
573,105,123,33,231,105,81,45,363
570,105,132,30,234,123,78,48,354
567,108,123,30,213,99,84,42,360
570,105,123,30,276,102,78,48,357
570,111,123,30,210,102,78,48,357
570,108,180,30,210,123,78,48,384
570,108,123,30,198,105,81,45,357
567,111,189,30,270,123,81,48,357
567,111,177,33,201,102,93,45,357
567,108,132,30,210,102,81,45,384
564,111,123,30,213,99,84,42,357
573,105,123,33,246,102,81,48,360
570,108,123,30,213,108,81,45,360
567,108,129,30,234,102,81,48,360
570,105,183,30,210,102,84,45,360
567,108,123,30,237,102,84,45,354
570,105,123,33,210,105,81,45,360
567,111,126,30,219,129,78,48,357
567,108,123,33,198,102,84,42,357
567,108,123,33,207,105,81,45,357
570,111,123,30,207,156,144,48,360
567,111,126,30,276,123,81,45,357
570,108,123,33,198,102,78,48,357
567,111,123,30,237,102,84,45,360
564,111,126,30,246,102,81,45,357
567,108,123,33,231,105,81,45,357
564,111,123,30,210,102,81,48,351
570,111,126,30,291,105,81,45,357
570,111,123,30,210,102,81,45,360
567,108,144,30,291,126,144,48,360
567,111,126,33,201,102,81,48,354
573,105,123,33,222,102,84,42,360
573,111,222,30,300,102,147,48,357
564,111,123,30,213,102,84,45,357
567,111,126,33,210,105,78,48,357
570,108,123,33,204,105,144,42,357
567,108,129,30,204,105,81,45,360
567,108,126,30,270,102,81,48,357
567,108,129,30,213,102,84,48,360
567,108,189,30,225,102,78,48,357
570,105,123,30,207,102,81,48,351
567,108,123,33,222,102,78,48,357
573,108,192,30,201,111,78,48,384
567,108,123,33,222,120,78,48,357
570,108,129,30,201,105,78,48,357
564,111,123,30,213,102,81,48,354
567,108,123,33,207,105,87,48,357
567,108,126,30,294,102,84,45,357
570,108,126,30,204,105,81,45,360
567,111,123,30,288,105,78,48,357
570,111,123,30,213,102,78,48,360
570,111,123,30,222,111,78,48,357
579,105,147,33,318,102,84,45,354
567,108,123,30,228,102,81,45,357
567,108,126,30,222,102,81,48,357
570,105,126,30,210,102,81,45,357
564,111,123,30,231,102,81,45,357
570,111,123,30,213,102,81,48,354
570,108,123,30,252,102,93,45,363
567,111,150,30,261,102,135,45,360
570,111,123,30,213,102,84,42,360
573,105,126,30,234,102,78,48,357
567,111,123,30,237,102,81,48,360
570,105,123,33,219,105,78,48,354
564,111,123,30,294,102,81,45,357
564,111,129,33,249,111,78,48,357
570,108,123,30,219,102,81,48,360
567,108,123,30,288,105,81,45,357
570,108,123,30,201,105,81,45,357
591,108,123,33,207,105,78,48,357
567,108,126,30,198,108,81,45,357
573,108,177,33,294,105,78,48,381
570,108,123,33,204,105,78,48,360
567,108,126,30,210,102,84,45,378
570,105,132,30,234,102,81,45,357
570,105,123,33,270,105,84,45,357
567,111,123,30,210,102,81,45,357
570,105,123,33,207,105,93,42,357
570,105,123,33,201,114,81,45,357
570,105,132,30,267,105,78,48,354
573,111,123,30,210,102,78,48,357
693,108,261,30,381,225,81,48,381
570,111,126,30,264,105,81,45,357
570,105,150,30,201,105,180,48,357
570,105,123,30,204,105,81,48,354
564,111,123,30,276,102,78,48,357
564,111,123,30,204,102,78,48,357
570,111,126,30,273,105,78,48,357
573,105,126,30,198,117,81,45,357
567,108,135,30,204,123,81,45,357
570,105,123,33,237,120,78,48,354
570,108,123,33,270,102,78,48,357
567,111,123,30,216,99,84,45,357
564,111,123,30,264,102,81,48,357
570,111,141,33,195,108,162,45,360
564,111,123,30,240,102,81,48,357
573,105,123,33,240,102,78,48,357
570,108,123,30,267,102,81,48,357
570,108,123,33,315,102,141,45,357
567,108,129,33,270,102,78,48,357
573,105,123,33,207,105,81,45,357
570,105,123,30,210,102,81,48,357
570,111,123,30,321,105,81,45,357
570,108,123,33,204,108,78,48,357
567,108,123,30,204,105,78,48,357
570,108,165,33,210,105,195,45,360
573,108,123,30,210,102,120,48,360
567,111,126,30,201,102,81,45,360
567,111,123,30,201,102,81,45,357
567,108,123,30,288,105,81,45,357
567,111,123,30,303,102,81,45,357
570,105,129,33,231,117,84,45,360
567,108,126,30,210,102,78,48,354
573,105,123,30,288,105,78,48,357
570,111,123,30,210,102,78,48,357
570,105,327,33,240,138,81,48,357
570,111,183,30,282,102,81,45,363
564,111,123,30,213,102,81,48,357
570,108,186,30,234,108,87,48,357
