isr_entry,c_entry,first_try_lock_mm_and_find_vma_start,first_try_handle_mm_fault_with_mm_lock_start,first_try_handle_mm_fault_with_mm_lock_page_table_walk_end,page_allocation_start,page_allocation_end,first_try_handle_mm_fault_with_mm_lock_end,c_exit,iret,end
764,164,260,96,420,2588,968,740,184,80,452
756,140,192,72,392,104,912,672,104,100,452
736,136,164,40,300,48,592,456,104,68,440
716,140,172,36,284,48,564,480,116,68,444
724,140,224,36,324,48,564,440,120,56,444
716,140,164,40,320,44,584,440,100,64,448
716,140,156,40,380,44,572,460,108,56,448
720,140,164,40,436,44,572,1292,160,68,448
724,140,152,44,312,44,576,464,116,68,448
716,140,164,40,380,44,576,464,104,64,444
716,136,160,40,316,44,576,460,104,64,444
716,140,152,44,412,44,576,444,116,68,440
728,140,208,44,308,48,572,448,208,68,448
720,140,152,44,312,48,564,472,120,64,444
716,140,156,40,324,44,604,452,120,68,448
716,140,152,44,312,48,592,448,104,68,444
716,140,160,36,316,48,584,460,104,64,440
716,140,152,44,316,48,568,468,108,64,440
716,140,212,40,284,44,584,436,216,56,444
716,136,164,40,284,48,564,476,104,64,440
716,136,412,40,344,48,528,456,160,68,440
720,136,156,44,316,48,560,456,104,64,448
720,140,152,44,284,48,588,460,104,64,448
712,140,156,40,320,44,556,940,104,60,444
716,140,156,40,320,44,528,440,116,68,444
716,140,216,40,316,44,552,456,188,64,448
716,140,240,40,312,44,556,472,104,64,444
716,140,164,44,360,44,588,444,104,64,444
712,140,156,40,316,44,572,432,104,68,444
720,140,156,40,316,44,560,460,104,68,444
716,140,156,40,316,44,604,448,104,68,444
728,140,152,44,292,44,592,472,100,68,444
724,140,220,40,352,48,564,448,188,64,448
716,140,156,40,288,48,528,468,200,68,448
724,140,152,44,320,44,540,444,108,64,452
716,140,156,40,316,48,560,440,104,68,444
716,140,164,40,284,48,600,476,104,68,448
728,136,160,40,316,44,604,448,104,56,460
720,140,156,40,320,44,556,456,104,64,452
724,140,200,44,320,48,544,456,192,60,444
720,140,156,40,324,48,524,448,104,56,448
724,136,156,44,316,40,568,432,100,68,448
716,136,156,44,356,48,540,472,100,68,444
720,140,156,40,288,44,564,432,108,56,452
724,136,160,40,320,44,576,436,104,56,460
716,140,224,44,316,48,572,448,104,68,444
724,136,224,40,376,44,576,456,180,64,448
724,140,160,36,324,48,552,456,104,68,452
724,140,156,40,312,48,556,436,100,68,444
724,136,156,44,316,48,548,428,104,68,448
728,136,156,44,288,44,532,448,108,56,452
748,140,152,44,316,44,532,480,108,56,452
720,140,152,44,324,48,572,448,184,64,448
716,132,224,40,332,44,572,436,216,18532,452
724,136,212,44,336,64,620,620,160,60,452
720,140,212,40,352,44,584,448,104,56,448
716,140,176,40,312,48,540,464,200,64,452
712,140,168,44,284,48,564,456,116,60,444
788,196,320,44,756,156,860,876,188,168,444
588,123,123,30,333,30,480,387,87,60,354
588,108,192,42,243,45,501,363,87,45,366
582,111,120,45,252,45,489,387,87,39,369
582,111,135,30,288,51,492,375,87,42,372
582,111,135,30,327,45,459,393,87,42,369
585,111,120,45,252,48,504,432,234,54,354
582,111,138,27,270,33,525,384,72,60,369
600,108,129,45,231,48,483,417,87,60,351
564,111,120,33,225,33,480,387,93,51,357
558,111,123,30,261,33,492,396,84,51,351
564,111,120,33,258,39,453,411,81,45,360
564,111,126,36,225,33,486,393,81,54,360
564,105,123,36,255,39,456,366,159,48,354
564,111,123,30,258,33,498,390,84,51,354
561,111,123,30,252,33,489,354,78,48,357
564,108,189,33,318,33,504,387,186,51,351
564,108,123,33,297,39,486,363,84,51,348
573,111,126,36,225,33,504,381,84,51,348
567,108,132,30,264,33,465,369,78,48,348
561,111,123,30,255,39,450,390,81,45,354
561,111,120,33,255,39,468,363,81,48,360
567,111,120,33,255,33,501,405,93,51,351
561,111,123,30,261,36,462,363,81,51,351
567,111,120,33,327,33,498,399,81,45,354
564,108,132,30,255,33,495,384,81,48,360
561,108,123,33,255,39,510,402,81,51,348
561,111,120,33,261,36,468,378,81,51,354
564,111,123,30,258,33,474,399,81,45,363
567,111,120,33,249,39,453,366,96,51,354
567,111,120,33,258,33,495,396,84,48,357
561,111,123,30,255,36,456,339,84,45,354
564,108,129,33,255,39,516,390,81,48,348
561,108,123,33,252,36,480,357,81,51,360
570,111,123,30,261,36,504,405,84,51,348
564,111,120,33,258,33,495,363,84,42,357
576,108,132,30,249,39,507,393,84,48,360
570,105,123,36,249,39,480,342,78,48,366
567,108,123,33,225,33,504,396,81,51,348
564,108,126,30,222,39,462,360,78,48,360
564,111,129,30,282,36,492,387,84,51,357
564,108,162,30,300,36,462,369,150,45,348
564,108,123,33,270,36,489,411,78,51,360
570,111,123,30,249,39,489,588,93,51,354
561,111,183,33,243,36,501,420,204,51,354
564,108,123,33,252,36,468,372,78,48,345
570,105,123,36,231,36,468,396,81,51,357
561,108,129,33,225,36,480,357,84,48,345
570,108,123,33,255,39,483,411,96,51,357
570,105,123,36,222,33,447,357,81,51,351
570,105,126,33,261,42,459,396,87,48,357
567,108,120,36,246,36,477,354,93,48,357
561,108,129,36,252,36,492,402,93,51,354
561,111,123,30,345,33,462,375,93,51,354
564,108,123,33,225,33,489,393,78,48,357
564,108,120,36,288,36,474,360,81,51,357
561,108,123,33,255,39,495,384,84,48,360
561,111,120,33,225,33,477,360,78,51,354
561,111,129,30,261,39,495,384,84,45,357
561,111,120,33,222,36,477,654,81,51,354
561,111,129,30,228,36,492,393,156,51,348
564,108,126,30,342,36,468,420,81,45,360
564,111,123,30,267,36,468,408,93,48,360
561,111,150,36,279,36,468,345,150,51,354
570,108,123,33,225,45,510,408,84,45,354
564,108,132,30,255,36,474,363,81,45,354
567,108,132,33,243,39,489,405,222,48,357
570,111,120,33,228,33,477,381,81,51,351
615,168,123,30,342,51,564,591,114,96,351
561,111,123,30,255,36,468,372,84,48,354
570,111,123,30,258,33,504,387,84,51,354
561,111,123,30,258,39,426,366,81,51,357
567,108,120,36,255,39,492,408,84,51,357
561,111,159,30,261,33,456,360,183,48,357
567,111,129,33,258,36,498,615,81,48,354
564,108,120,36,333,33,477,366,84,45,351
564,108,153,33,327,36,504,408,141,51,354
561,111,129,36,255,36,504,363,78,48,357
570,105,123,36,249,39,486,390,93,48,357
570,108,312,33,273,39,468,360,165,45,348
567,111,123,30,222,39,504,381,81,48,351
564,111,123,30,255,39,471,360,84,45,360
567,105,123,36,249,36,531,390,84,48,345
561,111,120,33,252,33,483,348,81,51,351
564,108,123,33,252,39,492,396,81,48,354
567,108,120,36,321,33,471,378,81,51,354
567,108,132,30,252,39,483,390,84,45,348
564,111,123,30,252,36,480,357,84,51,345
561,111,120,33,255,33,501,402,96,51,357
561,111,123,30,255,39,495,357,93,48,357
561,111,129,33,255,36,468,405,84,48,357
567,108,123,33,252,36,465,363,81,48,345
561,111,129,33,222,39,480,393,81,54,345
561,111,123,30,255,33,447,366,84,51,357
582,111,168,30,297,30,606,573,93,45,369
582,111,135,30,225,48,501,384,84,42,372
582,111,183,42,321,33,525,396,174,42,363
585,126,129,27,267,48,495,378,96,45,372
582,111,144,27,270,30,519,396,99,39,369
582,123,129,30,264,33,480,378,96,60,369
588,111,120,45,252,48,507,396,87,60,351
561,111,123,30,222,39,498,357,78,48,354
561,111,123,30,255,33,510,387,84,51,354
564,105,207,30,291,33,489,339,81,51,351
564,111,123,30,258,39,504,375,81,48,348
570,108,126,30,249,39,477,345,78,57,348
570,111,129,30,378,36,507,393,138,48,354
558,111,147,33,321,33,480,351,150,51,354
561,111,123,30,255,36,501,399,81,51,354
558,108,210,30,330,36,465,387,90,54,348
567,111,177,33,303,39,486,402,93,48,360
558,108,126,30,258,36,480,351,81,45,357
567,111,123,30,258,33,480,387,84,45,351
567,105,186,30,276,36,483,333,165,51,354
564,111,123,30,258,33,510,387,81,45,351
570,111,123,30,228,33,489,342,90,54,351
561,111,123,30,222,39,504,414,84,42,354
561,108,123,30,255,33,477,375,90,54,348
561,108,123,33,249,39,492,381,93,51,354
561,111,180,33,255,36,474,354,90,48,357
564,111,123,30,228,36,480,384,78,57,357
564,108,129,30,255,33,495,504,78,54,357
561,111,123,30,234,33,513,408,81,51,357
564,108,132,30,258,33,462,384,93,51,357
561,111,123,30,255,36,495,390,78,48,363
564,108,126,30,252,39,465,351,81,81,348
564,108,123,33,222,39,507,387,96,51,354
564,108,132,30,291,39,465,366,81,54,345
567,108,123,30,306,33,483,408,81,54,345
567,111,123,30,252,36,495,342,81,48,348
582,108,132,30,252,39,537,393,96,51,354
570,108,123,30,255,33,465,366,78,54,351
570,108,192,33,321,36,504,384,168,48,360
564,111,129,33,258,39,477,372,93,51,357
570,108,123,33,222,33,495,390,81,54,348
564,108,189,30,225,36,489,363,81,51,357
576,132,123,30,450,36,615,510,78,84,360
564,108,135,30,258,39,456,366,78,48,354
570,111,129,33,276,36,465,390,81,48,357
564,108,126,30,222,39,441,390,81,54,351
561,111,129,33,255,39,471,399,81,54,348
564,108,132,30,321,36,438,375,78,54,354
564,111,189,30,300,39,465,417,165,51,345
564,108,132,30,249,39,441,357,84,51,345
570,108,123,30,228,33,477,390,81,54,345
561,111,123,30,255,33,459,342,84,51,357
570,105,123,33,240,33,432,405,78,57,345
570,108,123,30,255,36,444,384,78,48,348
564,111,189,30,225,39,477,408,159,57,348
561,111,129,30,255,33,444,372,81,48,348
570,108,123,30,234,33,480,399,81,45,363
561,108,180,36,321,36,453,366,150,51,357
567,111,123,30,231,33,480,576,81,54,348
558,108,126,30,225,36,468,369,78,54,351
561,111,129,30,267,39,441,399,93,54,354
570,108,126,30,252,39,453,369,93,54,351
567,108,123,30,228,33,462,393,78,48,360
570,108,123,33,222,36,474,357,81,54,348
561,111,129,30,258,39,456,396,81,48,348
564,108,123,33,255,42,432,363,78,57,351
564,108,123,33,255,39,462,384,84,45,351
567,108,123,33,255,36,444,351,78,48,354
561,111,123,30,255,33,477,399,78,54,351
564,105,123,33,261,36,450,354,81,45,357
567,108,135,30,258,33,456,396,81,51,354
561,111,129,33,252,36,480,393,78,57,351
561,108,123,30,258,36,480,396,81,45,354
564,108,126,30,222,39,453,396,78,57,357
570,108,126,30,267,42,483,582,78,57,351
564,111,123,30,270,36,471,342,81,54,345
567,108,189,30,261,39,462,405,81,51,354
573,105,126,30,225,36,447,351,81,54,351
558,111,123,30,261,36,468,384,84,45,363
570,108,192,30,258,39,459,357,81,51,351
561,108,129,33,276,39,456,387,81,45,360
561,111,123,30,255,33,450,375,78,54,351
567,108,186,33,249,36,459,399,81,45,360
570,105,123,30,231,39,444,357,90,48,348
570,108,129,30,264,36,489,402,78,54,354
561,108,186,33,255,33,465,369,81,45,357
561,111,123,30,261,36,462,387,81,45,357
561,111,129,30,252,36,477,357,84,51,348
561,108,186,33,237,36,459,402,78,57,351
567,111,129,30,252,33,450,348,81,54,351
558,111,123,30,255,42,471,408,84,51,351
561,111,135,30,252,39,441,360,81,54,354
570,105,123,30,261,36,459,390,78,48,360
561,111,123,30,270,39,456,357,81,51,354
564,108,126,30,258,33,477,408,78,54,354
564,108,126,30,225,36,447,360,81,48,348
561,108,132,30,225,36,465,396,90,54,351
564,108,123,33,249,33,456,372,81,51,351
564,108,189,33,255,39,462,408,84,42,354
561,111,132,33,252,45,432,363,84,51,360
561,111,129,30,264,42,447,396,81,48,348
558,111,192,30,255,33,447,366,78,48,351
561,111,123,30,258,33,432,402,78,48,348
561,111,123,30,255,39,441,360,81,54,348
561,105,222,33,405,36,486,37671,180,45,378
624,111,135,39,327,30,507,471,81,51,375
612,114,195,39,291,42,483,429,147,51,381
609,114,135,36,243,39,456,384,90,54,381
615,111,141,39,240,39,528,402,99,63,381
615,114,135,36,276,30,471,381,87,54,381
636,165,168,30,609,36,741,651,93,81,354
567,108,123,30,228,36,459,399,132,57,351
564,108,123,33,267,33,477,387,96,51,354
558,108,135,30,282,33,462,372,93,54,348
561,111,195,30,309,36,468,405,93,54,348
561,111,123,30,261,33,465,387,81,51,354
567,108,123,33,255,39,489,393,78,54,351
567,105,129,33,255,39,480,366,93,51,354
564,111,135,30,225,36,468,405,78,57,345
570,108,126,30,249,39,459,345,84,51,354
567,108,123,30,258,39,459,399,162,51,351
561,111,123,30,258,36,459,372,84,51,354
567,111,123,30,261,36,474,405,90,54,351
561,111,123,30,252,33,474,360,138,54,345
564,108,126,30,258,36,474,402,78,54,357
561,111,129,30,228,33,453,366,90,54,354
567,105,135,33,255,36,474,402,174,48,354
561,111,129,30,225,36,459,351,81,51,354
564,108,132,30,252,36,474,408,81,51,354
558,111,198,33,255,39,441,348,81,45,357
561,108,144,30,225,36,480,396,177,54,345
567,108,126,30,288,36,453,351,81,51,351
564,108,135,30,399,33,507,390,180,45,357
564,108,189,33,273,33,480,372,168,51,351
570,105,123,33,252,36,474,396,81,51,348
567,111,129,30,258,33,432,360,84,45,351
561,111,123,30,261,39,477,384,78,54,351
564,108,123,33,252,39,456,366,84,51,348
558,111,123,30,258,33,477,393,84,51,354
561,111,129,33,252,36,465,360,84,42,351
558,111,123,30,258,39,468,390,81,48,351
567,108,132,30,255,36,435,342,81,45,348
561,105,126,30,258,36,471,396,81,54,357
561,111,129,33,225,33,465,360,78,54,351
558,111,123,30,252,36,483,393,78,54,354
558,111,129,33,225,39,462,357,78,48,357
564,108,123,33,252,39,456,399,81,48,348
564,108,132,30,222,39,462,375,78,54,354
570,108,141,30,279,33,471,393,81,48,360
564,111,129,30,258,36,441,354,81,45,351
573,105,126,30,270,39,483,381,81,51,351
567,108,132,30,255,33,459,372,81,45,354
573,111,123,30,252,36,495,393,81,54,345
573,111,129,30,231,33,453,360,84,45,348
573,111,123,30,258,33,510,387,78,48,351
561,111,123,30,252,36,456,387,93,51,354
564,108,132,30,225,36,468,399,93,51,357
561,108,123,33,252,39,447,357,84,45,348
561,108,183,30,261,33,474,420,87,57,345
564,111,123,30,225,36,453,339,81,54,345
570,105,123,30,258,39,465,420,78,54,348
564,111,192,30,273,33,474,393,168,51,354
570,105,126,30,273,39,483,402,81,45,354
564,108,123,33,252,39,453,372,84,42,354
570,111,129,30,273,36,438,390,81,45,357
570,105,123,33,255,36,486,372,78,48,348
567,108,126,30,222,39,501,387,78,48,351
570,108,180,30,231,33,450,369,93,48,354
570,111,123,30,255,36,465,654,81,45,351
564,108,123,33,255,39,456,366,93,51,351
570,108,129,30,228,33,471,396,81,48,351
561,111,123,30,225,36,441,357,84,42,357
570,108,132,30,231,36,474,390,84,51,348
567,111,123,30,249,39,429,366,93,45,348
573,111,123,30,255,33,513,387,81,51,354
567,108,126,30,252,36,453,369,93,51,348
564,108,123,33,321,39,513,402,78,54,357
567,108,126,30,252,36,435,363,93,51,357
594,126,138,30,324,48,513,513,87,84,351
573,108,132,30,222,39,495,375,78,57,348
567,108,186,36,282,36,516,402,144,45,354
567,108,123,33,252,39,456,360,81,51,351
570,105,132,30,225,36,465,468,93,48,348
567,111,183,30,366,39,441,357,147,45,351
570,108,201,33,219,39,474,426,81,48,348
564,108,126,30,258,33,456,357,81,45,351
561,108,123,33,261,33,474,453,78,48,348
561,111,198,33,327,36,417,366,93,57,351
561,105,126,30,234,36,492,414,93,54,345
561,111,123,30,258,33,450,366,84,51,348
558,111,204,33,225,39,468,414,93,51,354
570,108,126,30,249,39,453,387,93,54,345
558,111,123,30,258,36,474,426,81,51,351
558,111,204,36,252,39,438,369,78,54,351
561,111,126,33,228,39,480,411,81,45,357
570,108,123,30,258,36,459,372,78,54,354
570,105,207,33,258,33,477,423,162,51,348
570,108,123,30,312,39,447,357,84,42,357
573,108,132,30,252,36,474,426,84,51,357
564,108,150,33,249,39,465,591,180,45,354
558,111,129,33,249,39,435,429,78,54,351
561,111,123,30,315,39,474,366,78,57,348
567,111,186,30,318,39,468,429,93,51,357
561,111,123,30,255,33,429,357,84,51,351
570,105,123,33,240,36,489,492,78,48,360
585,111,183,42,333,48,546,537,108,60,351
600,123,141,27,279,42,531,447,87,54,381
600,123,135,27,243,42,522,378,99,54,381
609,114,204,27,387,42,519,519,165,51,387
600,123,135,27,330,39,522,387,90,54,375
612,123,126,36,327,42,507,462,90,54,381
612,114,132,39,267,39,549,384,81,63,369
567,108,132,30,255,33,495,423,84,51,348
570,108,123,33,258,33,453,366,84,45,363
561,111,123,30,261,39,510,450,81,51,354
564,108,132,30,258,36,480,621,81,45,351
570,111,123,30,249,39,504,477,96,51,351
564,108,120,36,291,33,468,354,81,48,354
561,111,123,30,336,39,513,432,84,51,345
564,108,126,30,258,36,501,360,81,48,351
561,111,123,30,258,33,507,423,81,45,351
564,105,123,36,249,39,456,372,93,48,357
561,111,129,36,222,33,474,456,84,42,357
567,108,120,36,249,36,489,360,81,45,357
561,111,120,33,258,33,492,435,81,51,348
564,108,120,36,249,33,480,354,168,51,348
567,108,132,30,252,39,495,423,165,48,348
567,111,123,30,225,36,462,357,81,48,348
570,108,132,30,261,36,480,468,93,51,357
564,111,186,30,279,36,486,369,81,45,351
567,108,123,33,288,33,471,432,93,51,348
567,108,123,33,252,36,492,366,84,51,354
564,108,189,30,240,42,498,432,252,45,354
561,111,123,30,255,39,486,366,84,48,351
570,108,123,33,249,39,495,462,81,51,354
567,111,186,33,342,33,480,357,84,45,354
567,111,129,33,270,39,492,453,81,54,360
564,108,126,30,258,33,474,363,81,51,351
570,105,123,36,249,39,528,450,84,51,354
570,105,123,36,252,39,498,372,84,42,360
570,108,132,30,222,39,510,459,138,45,360
561,111,120,33,258,33,477,354,93,48,351
570,111,123,30,339,36,507,474,90,54,351
570,108,126,30,249,39,489,375,78,51,357
561,111,129,36,231,45,489,462,81,48,357
561,111,126,33,261,36,471,357,78,48,348
564,111,129,33,225,39,507,420,84,51,345
588,129,123,33,405,48,582,498,81,54,351
564,108,189,36,270,36,474,480,84,42,360
564,111,120,33,258,33,468,363,93,51,357
564,108,123,33,294,36,462,456,81,51,357
564,108,123,33,255,33,429,378,81,48,360
564,111,123,30,228,36,462,462,81,51,348
576,105,126,33,291,39,468,348,81,48,357
567,105,123,36,309,33,438,456,84,51,345
573,108,123,33,252,36,438,435,81,54,348
567,108,120,36,288,33,459,447,81,54,354
564,108,120,36,291,39,441,351,81,48,354
564,108,132,30,255,33,438,429,84,51,354
561,111,129,36,261,36,447,360,78,51,357
561,111,123,30,231,36,468,426,81,51,354
564,108,123,33,252,33,450,363,78,51,351
564,108,156,30,258,33,480,456,81,48,357
564,111,183,33,249,39,423,369,81,51,354
564,111,120,33,258,36,480,486,159,51,348
564,108,126,30,258,36,453,375,81,45,357
561,111,183,33,261,33,459,486,81,45,348
564,108,189,33,276,36,468,348,81,51,348
561,111,129,36,294,33,471,477,81,51,348
567,111,120,33,264,39,459,366,81,54,348
561,111,180,33,225,33,471,453,81,51,354
561,111,123,30,225,39,438,369,81,51,363
561,111,129,33,255,33,474,486,84,45,348
561,111,180,33,249,39,459,381,90,48,348
564,108,132,33,285,36,492,477,81,51,357
567,105,123,36,255,39,450,366,81,54,351
567,111,186,33,252,39,477,462,186,48,351
567,108,126,30,252,36,486,381,81,45,351
567,108,123,33,279,33,480,465,81,45,354
567,108,183,30,255,33,474,366,84,51,348
567,108,132,33,315,36,459,456,81,75,357
564,108,132,33,252,33,453,369,96,45,354
561,108,123,33,315,36,486,471,93,51,351
567,108,120,36,252,39,450,345,84,51,360
567,111,120,33,222,36,507,450,81,48,354
561,111,123,30,318,36,450,363,81,48,354
564,108,126,30,258,33,474,486,78,48,348
567,108,123,33,315,33,429,363,84,42,354
564,108,132,30,255,33,471,444,168,51,351
564,111,120,33,252,33,453,357,93,51,348
567,111,123,30,264,36,456,459,81,51,357
564,108,189,33,225,33,450,378,81,45,348
564,108,189,30,264,39,480,462,207,48,360
564,108,123,33,222,39,444,531,84,51,348
564,108,123,33,222,39,471,459,84,51,351
561,111,204,30,276,36,456,390,180,51,348
564,111,120,33,252,36,501,432,81,54,348
567,111,120,33,246,39,468,351,93,51,351
564,111,192,30,357,33,435,447,96,51,348
561,111,129,33,222,36,453,375,81,48,348
567,108,120,36,309,36,474,429,81,48,357
570,108,192,30,276,39,456,351,156,48,348
561,111,129,30,315,39,435,432,84,51,357
570,108,120,36,252,39,459,369,84,51,354
564,108,207,30,309,36,483,438,93,51,357
564,111,129,33,252,36,456,369,84,42,351
564,108,123,33,261,33,477,426,81,48,354
561,111,120,33,258,33,480,375,81,54,351
567,108,123,33,318,33,474,459,96,51,348
630,114,174,39,345,39,543,771,90,54,381
609,123,123,39,333,42,522,477,99,54,378
609,111,135,39,273,30,465,393,99,51,384
603,123,141,36,306,42,522,459,186,48,381
600,123,126,36,273,42,486,396,99,54,387
600,123,126,36,294,39,531,459,81,63,366
591,141,129,27,432,30,642,507,96,78,369
561,111,129,33,252,39,489,423,81,51,354
567,108,123,33,267,33,462,351,81,45,354
561,111,123,30,258,39,471,429,84,51,348
564,105,123,33,264,33,462,357,84,51,351
561,111,123,30,258,39,471,447,78,48,354
561,105,126,30,228,39,456,360,81,54,348
564,108,123,33,288,36,471,432,81,51,354
561,108,123,30,324,42,450,360,96,45,351
561,108,123,33,264,36,456,690,81,54,351
564,108,123,33,279,36,450,345,78,48,351
564,108,123,33,255,51,480,462,78,48,348
561,108,192,33,270,36,465,366,186,51,354
564,111,123,30,261,42,483,408,81,51,348
564,111,123,30,288,39,429,366,93,54,351
564,108,189,33,321,33,474,468,87,57,354
564,108,123,33,255,39,456,372,84,45,351
561,111,123,30,234,36,480,492,78,57,345
567,105,123,30,225,36,447,372,84,51,351
561,111,123,30,324,36,495,474,78,54,348
564,108,123,33,270,33,453,357,84,51,348
567,108,126,30,267,39,492,462,81,54,345
564,108,126,30,222,39,459,348,84,45,351
561,108,123,33,273,39,480,468,81,54,354
570,108,123,33,228,36,465,405,78,54,357
561,111,123,30,234,36,471,600,81,48,345
567,108,132,30,222,39,474,342,78,54,354
570,105,123,33,252,39,477,426,81,54,345
570,108,126,30,252,36,450,372,78,57,345
567,108,132,30,321,36,483,459,81,54,351
561,111,123,30,327,36,468,381,78,48,348
561,111,123,30,225,36,474,459,78,57,345
564,108,123,33,252,39,453,384,93,51,348
567,105,123,33,324,36,474,471,90,54,345
561,111,123,30,252,36,468,372,84,51,351
567,111,123,30,258,33,498,429,78,57,345
558,108,126,30,258,36,453,363,78,57,345
558,111,123,30,228,33,480,438,93,51,351
564,105,123,33,225,33,480,348,81,51,351
558,111,123,30,255,36,510,426,81,54,345
561,111,123,30,255,33,471,363,84,51,348
570,108,123,33,228,39,504,468,81,54,348
564,108,123,33,249,39,465,357,81,45,357
564,108,132,30,267,36,513,462,165,45,354
561,105,126,30,252,36,462,360,78,57,345
570,111,123,30,255,36,456,432,156,51,351
558,108,189,33,348,36,465,363,78,57,345
564,108,123,33,222,36,486,414,93,54,354
558,111,132,33,252,39,447,354,78,48,351
567,111,123,30,306,33,447,432,81,51,348
561,111,123,30,255,33,462,348,78,48,351
561,111,129,33,255,39,480,423,90,57,345
564,108,123,33,255,39,453,360,90,54,348
564,111,123,30,258,39,492,420,78,54,351
561,111,204,33,222,39,459,348,90,54,348
570,108,132,30,249,39,489,423,81,54,351
570,108,126,30,252,39,459,348,90,54,354
570,105,132,30,255,36,492,459,93,54,345
561,111,123,30,324,33,474,357,81,51,354
558,108,126,30,225,36,480,432,147,54,348
567,108,132,30,231,33,471,372,84,51,348
564,108,123,33,222,36,492,459,93,51,351
564,108,165,30,261,36,438,357,78,54,351
564,108,123,33,261,36,486,426,90,54,351
564,105,123,33,255,36,435,345,81,54,348
567,108,186,33,279,33,474,426,177,51,354
567,108,123,33,222,39,444,357,78,57,351
567,108,123,33,324,36,471,429,84,51,348
573,132,129,30,423,36,570,519,81,75,354
564,108,123,33,225,36,456,441,81,45,354
567,105,123,30,255,33,462,342,78,54,348
564,108,123,33,279,39,483,423,81,51,351
564,108,123,33,258,39,450,357,81,51,351
570,105,126,30,282,33,495,465,81,54,348
570,105,126,30,258,36,450,354,81,51,354
579,111,123,30,258,39,495,459,150,54,345
561,111,123,30,258,33,453,357,93,54,345
570,108,123,30,261,39,471,414,78,48,348
564,108,165,30,228,36,432,372,81,45,354
561,111,123,30,252,33,480,420,78,48,354
567,108,126,30,252,39,450,351,81,54,351
573,105,192,30,345,36,486,420,81,51,357
570,108,126,30,225,36,465,357,81,45,354
567,111,123,30,258,36,480,435,93,54,348
564,111,123,30,261,36,459,366,78,57,357
564,108,132,30,258,33,480,459,138,48,348
561,111,123,30,258,33,480,369,81,48,351
570,108,132,30,321,39,477,456,81,45,351
564,108,123,33,222,39,462,372,81,54,354
564,108,123,33,255,36,444,429,84,42,360
564,105,123,33,261,33,426,363,81,45,351
573,105,132,30,252,39,471,450,84,51,351
570,108,123,33,255,39,489,378,84,51,357
564,105,129,33,327,36,459,462,84,51,348
564,108,126,30,282,33,441,405,81,54,345
564,108,132,30,333,39,471,450,81,54,348
561,105,126,30,225,36,459,381,78,54,348
570,111,336,30,402,33,552,549,147,48,348
582,111,204,27,327,33,501,393,324,39,375
582,111,141,27,321,45,483,486,84,45,369
582,108,138,30,225,45,471,372,69,57,363
582,111,207,42,228,45,462,438,96,39,366
582,108,123,45,252,45,507,381,87,39,372
585,111,120,45,252,48,486,696,87,60,351
561,111,129,33,222,33,444,375,81,51,363
567,108,129,33,255,33,459,414,84,51,345
567,108,120,36,228,36,459,360,81,51,348
561,111,123,30,252,33,507,423,81,51,354
561,111,120,33,252,36,477,369,84,48,360
561,111,123,30,255,36,516,420,84,42,351
564,108,123,33,222,39,498,360,84,51,351
564,108,123,33,249,39,492,456,93,51,348
561,111,123,30,228,33,471,357,81,51,351
564,111,120,33,309,39,480,444,84,51,351
564,111,129,33,315,36,447,363,78,51,357
564,108,123,33,249,39,477,420,84,51,351
567,111,129,30,282,39,468,378,81,48,348
567,111,129,33,291,36,465,414,81,48,351
570,108,123,33,255,33,453,357,81,51,354
570,111,123,30,255,33,504,624,93,51,354
561,111,123,30,255,36,486,333,84,51,348
570,111,132,33,264,33,498,444,144,45,357
558,111,123,30,264,33,471,357,81,48,354
561,111,123,30,303,33,498,468,81,45,357
561,111,189,30,255,36,444,351,168,51,351
567,108,120,36,252,36,510,417,84,45,351
564,108,126,30,267,33,471,363,93,51,351
567,108,189,30,273,36,498,432,90,54,348
573,108,120,36,222,39,447,345,96,51,354
573,111,129,33,255,39,498,420,84,48,351
564,108,120,36,246,39,453,360,81,51,351
561,111,120,33,222,39,516,420,81,51,354
561,111,126,36,222,33,501,375,93,51,354
564,111,123,30,267,39,480,423,81,45,354
573,111,120,33,231,33,471,372,84,51,351
561,108,123,33,255,33,471,405,81,51,354
561,111,129,36,249,33,510,345,81,45,354
594,126,183,33,351,48,555,477,183,72,357
567,108,126,30,237,33,462,366,78,48,348
564,111,120,33,276,36,471,435,162,48,360
567,111,177,33,321,39,483,360,78,48,354
564,111,123,30,258,33,513,384,81,78,351
561,111,129,30,348,36,501,360,183,45,357
579,108,126,30,228,39,501,426,90,54,348
561,111,120,33,249,39,483,354,81,45,351
564,108,210,33,258,39,498,408,84,51,360
567,108,120,36,267,33,468,354,81,51,354
561,111,120,33,252,33,486,438,81,51,351
564,108,126,30,249,39,477,357,81,45,357
567,108,120,36,249,39,483,444,81,48,351
564,108,123,33,258,36,480,609,84,45,351
564,108,132,30,225,36,489,441,81,45,348
564,108,120,36,237,33,495,345,81,54,345
564,111,123,30,258,33,504,471,78,51,357
570,108,120,36,303,36,471,372,81,51,357
561,111,123,30,258,33,483,441,81,45,351
567,105,123,36,222,33,474,357,81,45,354
567,108,120,36,252,36,504,432,78,51,351
561,111,123,30,255,33,498,372,93,51,354
570,111,147,30,255,33,471,441,183,45,348
570,111,123,30,255,36,489,366,93,51,348
570,108,123,33,255,33,501,435,84,48,348
561,108,183,33,255,36,477,345,276,51,351
567,111,123,30,249,39,477,438,84,48,345
567,108,123,33,252,39,468,354,93,51,354
570,108,129,33,348,42,507,399,84,51,351
567,105,126,33,258,33,492,354,84,45,357
570,111,129,30,321,33,504,432,93,51,357
564,108,123,33,258,39,483,360,81,51,351
561,111,123,30,258,39,495,432,90,48,357
564,108,123,33,255,39,471,354,93,48,348
567,108,120,36,252,36,504,435,81,51,348
561,111,120,33,249,36,489,339,84,48,345
564,108,123,33,252,36,492,411,93,45,354
567,108,132,33,249,36,486,342,84,45,348
561,111,123,30,252,33,519,396,81,51,348
561,111,123,30,261,39,471,363,84,48,354
564,111,120,33,255,33,495,438,84,42,366
561,108,123,33,258,36,474,366,84,48,360
561,111,120,33,264,39,498,474,84,48,357
564,111,123,30,225,36,474,369,81,48,360
564,111,123,30,255,39,483,435,78,48,357
564,111,120,33,309,39,453,363,81,51,357
564,111,123,30,261,36,465,432,84,42,351
561,111,123,30,252,33,435,369,90,54,345
573,108,123,33,222,39,429,438,84,51,357
567,108,123,33,249,33,456,366,81,51,351
564,108,126,30,252,39,474,435,81,48,351
561,111,120,33,255,33,468,360,81,51,348
570,111,132,30,258,36,435,396,93,48,351
567,108,123,33,225,33,459,360,93,51,357
570,108,123,33,309,33,477,402,81,51,348
567,108,132,30,255,36,438,354,84,51,357
570,111,189,30,222,39,492,411,165,51,354
561,111,129,30,228,36,453,351,81,51,354
564,108,129,33,249,39,438,411,93,51,348
561,111,186,33,273,36,444,372,81,51,357
573,111,123,30,222,39,483,591,81,51,357
561,111,120,33,225,33,453,375,81,45,357
576,165,141,33,543,51,678,702,93,60,348
561,111,129,33,318,39,462,369,84,51,345
570,111,129,30,249,33,462,366,90,48,351
615,120,177,27,375,39,561,525,99,51,366
606,123,141,27,351,33,501,384,90,54,375
615,114,135,36,333,33,471,384,87,54,384
624,135,141,27,453,30,570,576,90,54,381
609,114,135,36,264,42,462,399,90,54,381
612,111,135,39,252,42,519,444,90,54,375
582,108,144,27,246,33,471,369,87,45,375
570,111,123,30,246,36,486,414,81,48,348
567,108,189,30,261,33,495,372,165,57,345
570,105,126,30,240,36,492,417,84,51,345
564,108,126,30,225,36,465,360,78,57,345
573,111,132,33,240,36,471,441,180,42,351
576,108,123,30,255,36,459,360,84,45,351
570,105,126,30,249,39,465,420,78,48,354
570,111,123,30,255,33,453,429,81,45,351
573,108,180,30,261,33,480,429,186,54,348
561,108,123,33,255,36,462,372,90,57,345
573,111,210,30,249,36,483,420,84,45,351
564,111,129,33,270,36,486,366,81,51,351
570,108,132,30,246,36,501,414,78,48,348
564,111,207,30,288,33,474,375,78,54,354
558,111,123,30,246,36,474,414,78,54,348
564,105,123,33,225,33,465,369,84,51,345
561,111,207,30,246,39,459,414,84,51,363
567,108,129,30,315,33,456,375,81,54,348
558,111,129,30,252,33,474,435,78,57,345
558,111,207,30,252,39,453,549,93,51,348
570,108,123,33,246,33,471,408,78,57,348
567,108,123,30,228,36,459,348,93,51,348
570,108,123,33,318,33,516,393,78,57,345
564,111,129,33,294,33,468,372,81,48,351
570,105,129,33,243,36,453,447,81,51,351
564,108,123,33,255,36,441,363,84,45,357
570,108,180,30,336,33,468,408,165,45,354
576,105,123,30,225,36,444,369,84,51,348
567,111,123,30,246,33,477,420,81,54,345
564,108,189,33,267,33,453,369,84,45,360
561,111,123,30,255,33,480,411,84,51,351
561,111,129,30,258,39,462,369,81,48,348
585,105,126,30,240,36,480,450,84,51,348
561,111,123,30,255,33,453,366,144,48,351
570,105,129,33,315,33,480,420,87,57,348
567,108,123,30,324,36,468,546,81,54,351
570,105,189,33,243,36,477,432,165,45,354
561,108,123,33,252,39,462,351,81,45,348
561,108,123,33,246,33,462,408,78,54,348
567,111,132,30,264,42,459,360,168,45,360
558,111,135,30,243,33,462,432,81,51,351
564,105,123,30,321,36,459,342,81,51,351
561,111,189,30,243,39,477,399,84,51,351
561,111,123,30,222,39,450,372,78,57,345
561,111,129,33,243,33,483,432,81,48,345
561,111,183,33,249,39,456,366,93,51,351
558,111,135,30,240,36,471,408,78,57,354
564,108,132,30,240,36,453,345,78,54,351
564,111,132,33,315,36,492,390,81,54,348
570,108,132,30,258,33,444,345,93,51,354
573,111,129,30,282,39,471,429,84,51,351
564,108,132,30,225,36,456,345,93,48,351
561,111,132,30,246,36,480,399,81,45,351
564,108,132,30,261,36,441,348,84,51,348
567,108,192,33,258,36,486,402,162,48,348
561,111,123,30,261,39,459,357,81,51,354
567,108,156,30,270,36,486,414,84,42,357
567,111,186,33,252,39,465,363,84,45,357
570,105,132,30,255,33,504,429,93,51,357
570,111,123,30,255,33,483,357,78,48,351
570,111,129,33,246,33,444,414,90,54,348
564,111,123,30,228,33,459,354,81,54,348
576,111,123,30,243,39,498,435,78,48,351
561,111,123,30,255,33,468,372,84,42,351
636,165,180,30,534,39,696,591,81,54,360
564,108,123,33,222,36,453,363,81,54,345
567,108,195,33,255,39,459,759,81,45,351
558,111,132,30,258,36,393,375,87,57,351
561,111,123,30,255,33,459,402,165,54,348
558,111,123,30,255,33,486,399,141,45,360
564,111,132,33,297,39,453,411,78,54,348
561,108,183,33,255,36,462,366,84,45,357
564,108,135,30,252,36,477,432,162,45,360
564,108,123,33,252,39,462,366,84,51,354
567,108,189,33,378,36,522,402,141,45,354
561,111,195,33,282,39,423,357,84,51,345
561,111,123,30,258,36,471,420,78,54,348
564,108,123,33,276,39,462,381,78,57,348
561,111,132,33,234,39,489,399,159,51,348
561,111,123,30,255,36,456,375,81,51,351
564,111,123,30,306,36,465,444,84,45,351
558,111,204,33,327,39,474,369,81,54,354
567,111,123,30,288,42,501,432,81,54,348
570,105,123,30,258,39,453,363,78,54,357
585,111,189,30,363,39,492,408,84,51,351
564,108,126,30,222,39,456,366,78,57,345
564,108,126,30,246,36,459,441,78,48,354
561,111,123,30,222,39,477,378,78,48,348
561,108,135,30,246,39,459,414,90,54,348
564,108,123,33,249,33,462,363,81,51,354
564,108,180,30,252,33,474,411,78,57,345
564,108,123,33,252,39,426,363,78,48,354
591,111,123,30,255,33,465,408,93,57,354
567,108,189,30,315,36,450,369,78,48,354
570,111,129,30,246,36,480,450,81,45,357
621,120,168,36,336,39,492,513,96,54,378
615,111,198,36,339,39,507,426,177,48,381
606,114,144,36,246,39,489,396,87,51,381
600,123,135,27,273,39,528,465,90,48,387
609,111,141,36,288,30,480,417,90,54,381
609,114,135,27,279,42,510,465,90,54,378
582,111,129,42,234,33,462,384,87,54,351
564,108,132,30,261,39,468,408,78,48,351
567,111,123,30,225,39,474,357,81,51,351
561,111,123,30,246,36,480,438,84,51,345
564,108,132,30,228,33,429,363,78,57,351
561,111,123,30,243,39,456,438,93,48,351
564,111,129,33,279,39,438,363,81,54,345
567,108,123,30,240,39,492,429,81,54,348
558,111,123,30,288,39,465,378,93,54,354
567,108,132,30,258,33,483,426,93,54,348
564,111,123,30,222,39,459,360,90,48,348
564,111,123,30,243,57,477,393,81,45,351
564,108,126,30,252,39,447,528,78,54,348
567,111,192,30,258,36,465,423,162,48,357
561,111,123,30,258,33,459,348,81,51,351
585,108,135,30,258,33,486,399,81,54,351
564,108,180,30,321,36,456,408,156,48,360
564,108,123,33,249,36,462,417,81,54,348
561,111,132,30,225,33,474,378,78,54,348
567,108,132,30,255,36,462,453,81,54,357
564,105,129,33,261,36,456,351,78,48,345
561,111,132,30,252,36,474,402,81,51,351
564,108,129,30,231,33,477,345,84,51,357
567,108,123,33,249,36,492,387,84,51,354
567,105,129,33,252,39,444,372,93,51,348
561,108,132,30,258,33,483,408,84,45,348
564,108,126,30,252,39,453,360,93,45,351
561,111,129,33,285,36,483,597,78,57,348
564,105,123,33,318,39,441,579,84,42,354
564,111,129,33,240,33,486,402,78,48,354
561,108,123,33,252,39,465,363,84,51,348
582,126,138,42,366,51,552,501,78,48,357
564,108,189,30,276,36,477,381,93,45,348
561,111,135,33,243,36,444,417,78,57,345
561,111,123,30,255,33,462,372,78,54,348
561,108,123,33,282,36,456,417,81,54,345
564,105,132,30,258,36,456,381,78,48,351
567,108,123,30,279,36,474,438,81,54,345
561,108,123,33,249,39,417,366,81,54,351
561,111,123,30,306,36,465,453,81,45,354
561,111,123,30,246,39,441,384,84,51,348
570,108,126,30,243,39,462,411,81,45,351
561,111,123,30,252,33,462,360,90,54,348
558,108,126,30,243,39,426,678,81,45,354
564,108,123,33,297,36,456,366,81,51,354
570,108,132,30,240,33,453,417,78,48,354
570,108,126,30,234,33,441,378,78,48,351
564,111,123,30,252,36,480,435,84,51,354
561,105,132,30,222,39,453,381,81,51,351
561,111,129,33,246,36,465,411,81,51,351
561,111,123,30,255,33,471,381,81,51,351
561,111,123,30,243,39,477,429,141,48,348
561,108,123,33,252,39,453,375,81,48,360
564,108,132,30,246,36,459,423,81,45,348
564,108,126,30,252,39,438,420,150,45,348
558,111,135,30,246,39,477,417,81,54,348
564,105,123,30,225,36,459,372,78,54,351
564,108,174,36,246,48,492,414,174,54,351
561,111,123,30,225,36,459,375,81,45,351
561,111,129,33,321,39,465,558,81,48,348
567,105,189,33,273,36,447,375,183,45,354
570,105,123,30,240,39,477,411,81,54,351
570,111,123,30,258,33,429,384,84,51,345
570,108,135,30,312,39,444,411,81,54,345
561,108,123,33,249,39,441,384,84,42,351
564,108,132,30,240,36,453,453,84,51,348
561,108,123,33,228,39,456,363,81,45,351
561,111,123,30,246,33,489,438,81,45,354
561,111,123,30,225,36,456,360,84,51,351
558,111,135,30,243,33,480,441,81,51,348
561,111,123,30,249,36,432,366,84,51,348
561,111,129,33,249,36,459,441,78,57,348
564,111,129,33,249,33,444,372,84,45,348
561,111,132,30,246,36,456,414,84,45,348
564,111,123,30,261,33,456,357,81,54,357
561,108,135,30,246,36,429,414,81,51,351
561,111,123,30,255,36,438,372,81,51,351
564,108,135,30,243,39,483,414,81,48,351
564,108,126,30,252,39,456,357,78,54,348
561,111,135,30,240,33,483,417,81,45,354
561,111,129,30,228,33,483,360,84,51,363
567,108,132,30,315,39,441,408,84,51,348
570,108,123,33,285,36,459,357,84,42,351
567,108,129,30,240,36,450,465,81,54,348
558,111,123,30,261,33,447,360,78,48,348
561,111,129,30,279,36,474,414,84,51,351
561,108,123,33,321,36,456,375,90,54,348
561,111,132,30,252,36,471,447,81,51,348
564,111,123,30,258,36,462,369,81,54,345
567,105,132,30,276,39,486,411,93,51,351
570,105,123,33,252,39,444,384,93,51,354
561,111,132,30,255,33,456,600,84,45,348
561,111,123,30,252,33,450,363,81,51,348
561,108,132,30,255,36,432,384,93,51,348
561,111,123,30,255,33,456,354,144,54,348
570,108,129,30,240,39,468,408,81,48,351
567,108,126,30,222,39,441,378,81,45,351
786,123,231,27,570,78,723,765,99,57,378
612,114,135,27,348,30,510,405,90,54,381
609,114,135,36,339,30,462,399,90,54,384
633,138,201,36,513,54,603,612,99,57,381
612,114,135,36,267,39,507,408,99,63,372
573,111,123,30,258,33,408,378,84,51,348
567,108,123,30,258,39,486,372,84,51,354
567,111,132,30,252,36,465,357,81,45,348
567,108,129,33,225,33,462,342,78,54,351
561,111,123,30,258,39,438,372,84,51,351
564,108,123,33,264,36,453,357,81,51,351
561,111,123,30,306,39,483,357,78,48,351
561,111,123,30,270,36,420,348,93,54,348
561,111,123,30,315,39,483,363,84,45,360
564,108,123,33,249,39,489,360,78,48,351
564,108,132,30,261,33,438,375,78,57,351
567,108,123,33,285,36,483,369,81,45,348
558,111,207,30,246,36,486,372,90,54,348
558,108,126,30,261,36,450,582,81,48,348
561,105,126,30,276,39,483,354,93,51,348
561,108,204,33,249,39,441,366,93,45,360
561,111,123,30,279,33,459,381,78,57,348
564,108,123,30,255,36,504,363,84,51,348
561,108,204,33,312,36,459,360,81,48,348
573,105,132,30,255,33,429,384,81,54,348
570,105,123,33,252,39,483,360,78,57,348
576,108,123,30,261,36,483,396,81,54,348
567,108,126,30,222,39,519,375,78,48,354
570,111,123,30,273,39,483,378,78,48,357
561,111,132,33,228,36,486,366,78,48,351
570,111,123,30,222,39,489,360,81,54,345
570,108,132,30,255,33,423,372,84,51,354
570,105,195,36,222,33,465,363,81,51,357
573,111,129,30,225,36,456,378,81,45,357
561,111,123,30,231,33,471,378,81,51,354
573,105,126,30,258,36,435,363,84,51,354
567,111,123,30,249,36,459,369,84,45,360
567,111,123,30,255,33,489,360,93,54,354
561,111,123,30,261,33,507,378,93,51,351
570,111,123,30,255,36,450,372,81,54,345
570,111,129,30,252,33,489,378,84,51,351
558,111,132,30,225,33,480,372,78,48,348
564,108,126,30,267,33,474,381,90,54,345
561,111,123,30,309,39,450,375,81,54,354
564,108,123,33,252,39,462,384,81,45,351
564,111,129,30,228,36,474,360,84,42,354
558,108,126,30,252,39,459,354,81,51,351
579,111,123,30,249,33,513,432,87,48,360
564,111,123,30,225,33,444,372,78,57,351
564,108,126,30,249,39,444,420,90,48,354
558,108,135,30,228,33,474,369,84,51,348
567,111,123,30,243,39,528,417,90,48,348
564,111,123,30,255,33,495,390,78,48,360
564,108,126,30,240,36,486,423,84,51,348
564,108,123,33,252,39,483,366,84,51,348
561,111,129,33,243,36,513,414,78,54,348
561,105,126,30,270,39,477,369,81,54,351
567,105,123,30,252,33,477,453,78,48,351
561,108,129,30,273,36,459,381,78,54,348
570,105,123,33,264,33,498,447,81,48,348
564,108,123,33,225,36,474,381,81,48,348
561,111,123,30,255,39,480,462,78,54,348
561,111,123,30,255,39,465,366,81,48,351
561,111,123,30,249,33,480,483,162,48,348
561,111,129,30,255,33,450,351,81,51,351
561,111,123,30,240,36,477,591,93,45,357
558,111,186,33,333,36,456,375,87,57,345
564,108,135,30,252,33,480,438,84,51,354
564,108,123,33,315,36,450,354,81,51,351
561,111,123,30,279,33,486,444,81,51,360
567,105,123,30,228,33,456,375,81,51,351
600,126,132,30,351,33,576,558,81,48,348
564,108,123,33,252,39,462,390,81,54,351
564,108,129,30,249,33,480,450,81,51,354
564,108,126,30,225,36,453,378,84,51,351
561,111,123,30,240,39,498,411,81,45,354
561,111,123,30,252,33,471,369,78,48,351
564,108,123,33,243,33,489,411,87,57,345
561,111,123,30,258,33,492,375,84,51,351
561,111,123,30,240,39,474,420,81,54,348
561,111,129,30,261,39,453,366,78,54,348
564,108,123,33,246,39,474,423,81,45,351
567,111,123,30,255,36,456,384,81,48,357
567,108,132,30,315,39,456,420,78,57,345
558,111,129,33,327,36,447,342,81,45,354
561,111,147,33,354,33,447,423,147,51,354
567,105,126,30,252,39,465,375,81,54,348
561,111,132,33,288,36,462,444,78,48,351
567,111,186,33,276,36,447,357,171,45,363
573,111,123,30,246,39,456,441,84,51,351
576,108,123,30,228,36,456,381,81,54,351
570,108,159,30,258,39,483,423,93,45,354
570,105,129,33,225,39,438,387,90,54,351
573,108,123,33,243,36,471,429,78,54,351
561,111,177,36,249,33,465,381,90,57,348
564,108,123,33,264,36,471,441,78,57,348
561,108,123,33,264,33,450,549,81,51,354
564,108,123,33,252,36,477,444,78,48,351
567,108,123,33,228,36,441,360,84,42,357
558,111,123,30,315,39,477,414,78,48,351
558,108,126,30,225,36,459,369,84,51,348
561,111,129,30,255,33,456,414,78,54,348
561,111,123,30,255,36,480,360,81,54,357
627,123,180,27,333,39,618,633,87,57,375
615,120,126,36,303,39,513,390,90,54,381
615,111,141,36,318,42,501,462,87,57,375
609,114,141,36,243,42,486,393,90,48,381
618,111,135,36,297,39,522,465,87,57,378
597,123,126,36,276,39,465,384,90,54,375
603,123,186,39,384,48,513,426,153,60,372
564,111,120,33,318,36,468,378,84,51,354
567,108,123,33,246,36,480,414,84,51,351
570,108,129,33,225,33,456,588,81,51,351
567,108,123,33,246,33,489,432,93,51,351
567,111,126,33,228,33,447,363,81,51,351
570,111,120,33,243,36,495,447,81,51,348
570,108,126,30,258,33,417,360,84,48,354
579,105,126,33,237,36,456,450,189,51,348
564,111,123,30,255,33,408,381,84,42,357
570,105,123,36,240,33,471,417,81,54,348
570,111,144,30,258,33,441,366,186,45,360
570,105,123,36,246,33,474,438,84,51,357
576,108,126,30,252,39,489,345,81,51,351
567,108,156,36,258,33,489,462,81,51,348
570,108,120,36,276,39,480,375,81,51,357
