isr_entry,c_entry,first_try_lock_mm_and_find_vma_start,first_try_handle_mm_fault_with_mm_lock_start,first_try_handle_mm_fault_with_mm_lock_page_table_walk_end,handle_usm_fault_poll_ready_start,handle_usm_fault_poll_ready_end,handle_usm_fault_poll_returned_start,handle_usm_fault_poll_returned_end,first_try_handle_mm_fault_with_mm_lock_end,c_exit,iret,end
1083,308,417,162,463,398,128,368,1130,643,244,203,1032
1085,304,419,162,524,279,128,363,1599,640,231,203,754
1302,305,577,160,563,280,130,360,1320,622,245,201,770
1302,359,845,214,577,278,130,429,1675,807,260,211,788
1089,309,416,161,504,274,130,382,1224,606,246,213,833
1101,305,416,162,539,282,130,423,1365,861,233,202,796
1057,306,415,160,350,398,130,361,1032,601,244,207,764
1084,303,400,163,343,502,128,367,1290,776,244,246,794
1279,336,964,220,902,410,130,402,1582,872,274,205,784
1139,352,609,183,494,402,130,386,1056,628,245,212,845
1105,305,416,167,735,292,128,565,2324,599,258,213,1014
1083,305,402,162,486,272,130,378,1009,598,249,214,792
1110,302,417,180,533,272,130,361,1241,583,262,203,789
1072,317,469,161,499,285,128,363,992,776,243,212,853
1142,317,414,191,392,398,132,366,981,573,233,202,883
1097,323,415,183,363,396,130,362,983,770,244,201,816
1069,315,400,160,498,274,130,364,989,591,244,209,768
1099,315,416,183,526,270,130,364,983,593,242,201,788
1069,315,426,165,345,406,128,364,1229,603,244,211,770
1131,321,451,183,540,282,128,380,1048,663,262,231,752
1069,321,400,183,524,274,128,376,1434,587,241,220,772
1054,317,1059,162,522,276,126,364,1022,633,230,244,967
1084,323,407,182,756,274,130,366,1241,605,244,211,786
1105,321,402,183,522,276,130,364,1180,804,248,213,770
1125,323,418,183,546,281,128,365,1264,632,233,213,849
1071,319,424,183,520,282,128,364,1070,600,245,210,765
1077,319,408,160,346,396,130,363,1038,610,231,211,797
1071,316,401,160,343,400,128,366,1099,1202,232,234,771
1058,292,431,179,504,272,124,347,1010,623,236,201,764
1058,291,404,183,565,274,124,353,993,579,234,205,817
1030,290,400,175,475,266,124,354,1019,569,234,203,782
1087,294,403,156,502,282,124,349,1022,770,235,206,735
1058,291,388,154,650,281,125,350,1020,812,236,203,743
1015,303,388,155,335,386,124,355,997,585,250,197,1111
1034,304,390,155,483,276,124,364,1178,813,249,204,777
1222,297,498,174,618,345,124,390,2236,811,248,193,772
1057,304,404,175,512,272,124,352,1090,583,234,205,756
1134,433,574,155,731,266,124,380,1044,567,237,195,729
1034,294,894,175,702,482,124,355,1349,810,224,197,778
1088,293,577,363,805,268,124,384,1452,660,222,207,794
1058,292,401,154,530,264,124,384,987,766,234,203,747
1495,310,449,181,607,321,128,447,1849,774,223,203,768
1093,319,420,204,696,283,130,442,1154,752,223,203,764
1054,317,579,177,621,295,126,361,1227,630,291,195,747
1101,304,534,226,650,388,124,365,1688,914,224,260,1001
1036,293,465,154,544,265,125,395,1017,652,236,193,749
1079,297,546,169,432,437,124,414,1477,603,250,205,774
1073,294,447,189,615,269,126,357,1129,782,250,195,823
1099,303,445,164,646,281,154,498,1101,666,231,520,758
1103,294,473,222,845,280,148,713,1215,727,260,195,1044
1316,299,457,184,592,276,128,369,1339,705,258,197,766
1034,292,404,155,479,272,124,356,1275,768,236,203,766
1099,294,386,155,505,265,123,390,994,615,240,203,735
1060,292,401,154,731,264,124,354,1133,613,236,203,727
1032,299,384,156,496,266,124,359,1315,597,237,204,733
1058,307,449,156,506,266,124,356,1137,585,234,205,748
1057,292,569,154,512,268,124,350,975,849,237,203,803
1095,292,392,177,488,276,124,394,1007,587,236,219,736
1038,290,401,158,518,394,126,400,1085,762,235,203,953
1068,297,412,208,367,471,124,382,1954,583,222,199,790
1030,292,413,156,534,281,125,384,1191,621,240,195,786
1101,292,571,155,503,264,124,368,1048,614,235,203,799
1566,311,457,178,667,276,124,404,2098,730,264,195,792
1036,304,384,155,497,277,123,356,1497,644,244,203,790
1107,306,409,156,520,268,126,354,1273,756,252,195,981
1060,293,475,185,563,272,140,364,999,670,232,195,760
1052,295,690,155,595,266,124,347,1073,615,236,191,745
1078,293,420,189,882,270,124,379,1012,695,250,199,780
1029,331,592,172,906,272,124,354,999,613,224,262,729
1270,308,445,175,512,268,124,382,1613,706,258,236,737
1066,295,414,370,364,394,124,359,1131,659,251,228,814
1061,300,573,173,928,268,124,392,1396,611,250,223,786
1059,304,390,177,697,270,124,353,1308,982,241,433,756
1011,585,386,154,784,265,123,350,1009,577,236,205,756
1040,293,408,175,505,270,124,352,1038,617,236,203,843
1012,292,630,156,975,264,124,364,1050,614,554,207,742
1040,408,617,173,496,266,124,353,1182,571,236,203,849
1038,294,386,175,504,272,124,367,1000,583,233,205,931
1009,293,566,155,461,266,124,355,1034,573,236,203,810
1235,307,390,177,881,270,124,382,1461,806,254,234,796
1014,304,579,175,1038,268,124,394,2570,619,223,202,794
1012,306,466,156,520,266,124,353,1103,622,234,195,849
1042,302,565,177,621,273,124,381,1046,573,236,321,766
975,291,540,150,464,260,117,348,1093,552,227,183,744
1000,290,372,167,517,258,118,342,1430,593,215,197,711
979,293,374,168,349,376,122,368,1430,601,228,197,727
971,297,400,163,1013,270,120,372,1024,607,225,191,709
1070,281,372,150,497,267,123,350,1440,626,229,195,742
994,282,372,170,384,384,120,388,1574,626,225,189,738
977,282,595,169,451,508,121,348,1275,594,225,195,713
1001,282,421,148,518,260,118,343,1014,841,229,187,709
973,280,386,148,464,258,121,344,1117,552,224,195,1017
998,280,370,166,484,264,118,343,1040,599,226,195,875
971,281,371,169,483,256,120,368,1032,579,213,195,871
979,279,369,151,946,262,120,366,1005,589,226,197,707
1165,297,388,167,493,256,120,368,1430,593,245,210,713
1014,296,388,167,569,258,121,366,1079,709,239,189,776
973,289,385,149,321,378,119,342,1062,556,224,187,725
1016,296,384,167,709,258,118,343,1127,591,224,195,983
979,291,384,150,321,372,118,345,1030,556,230,187,705
1017,293,564,167,491,258,118,344,991,810,214,195,743
1002,294,390,169,491,264,118,364,1015,598,225,187,786
973,284,370,150,461,262,120,341,1176,770,228,185,711
1018,280,386,168,350,375,120,340,1013,599,226,195,758
1016,282,370,170,337,376,118,364,975,597,227,193,727
987,280,370,148,463,262,116,343,1053,556,224,195,709
1015,281,384,168,345,374,120,368,1178,595,227,185,776
989,282,453,151,323,373,120,347,998,556,214,187,743
1015,283,385,167,485,254,120,346,1111,597,227,195,959
1016,282,386,148,341,370,122,370,1028,851,229,195,794
997,282,392,147,455,266,120,349,1144,558,213,185,715
1219,294,386,167,512,258,122,373,1445,855,229,291,751
1044,293,609,169,526,347,122,370,1180,577,238,192,973
973,394,384,359,463,256,122,344,991,755,224,195,729
1020,282,535,170,480,260,120,347,1052,577,215,195,744
975,284,616,148,461,256,120,343,1081,747,213,187,1172
1022,280,372,148,348,357,120,372,1066,603,212,195,822
1018,282,376,150,339,382,118,368,1013,841,215,196,727
973,298,386,148,441,258,120,343,1176,555,227,199,722
1212,283,422,205,557,333,118,369,1804,577,258,195,741
1016,282,372,166,472,262,119,372,1140,587,239,195,900
987,281,373,147,319,377,116,346,1117,556,228,195,709
1182,346,542,166,683,272,120,376,1302,613,252,197,719
989,281,560,149,321,375,118,343,980,552,236,195,747
1019,279,384,168,486,256,122,343,977,823,223,187,711
991,282,555,168,344,371,122,343,986,560,222,189,759
989,283,388,148,319,378,117,342,1111,560,224,185,704
1182,296,384,169,471,260,120,368,1454,597,213,195,772
1017,297,370,168,494,266,120,357,1174,599,230,195,847
993,289,386,150,504,374,122,341,977,554,228,187,761
1017,295,386,168,486,264,120,371,981,596,229,187,788
975,291,372,148,459,266,120,339,1064,553,227,185,740
1016,292,384,171,487,265,121,338,1430,773,226,197,896
1019,291,373,167,553,264,122,371,1008,597,229,193,756
973,290,370,150,458,262,119,346,1231,554,224,189,739
1044,291,371,167,479,262,122,341,1030,581,211,195,791
1014,398,369,169,461,266,118,366,964,594,227,185,707
989,283,367,151,457,262,119,372,973,593,226,187,725
1017,281,388,168,484,255,120,340,973,558,224,195,840
990,280,386,150,459,256,120,368,989,593,227,185,776
1018,284,384,169,489,258,120,345,996,558,226,197,763
1018,282,386,169,485,256,120,365,977,557,225,198,861
991,284,368,148,463,256,122,366,1115,550,228,187,759
1015,281,384,170,689,258,118,341,1020,552,224,195,1021
1188,295,384,169,489,260,118,368,1360,594,245,195,837
989,291,371,147,321,369,122,339,1016,554,240,195,843
1014,296,368,150,479,260,116,368,1001,591,242,197,737
971,290,388,147,317,373,122,341,973,1077,238,195,820
1016,293,381,149,481,256,118,370,1005,595,236,195,829
1016,296,370,150,339,374,118,368,1042,822,234,223,750
991,291,386,150,323,372,121,340,973,532,238,186,724
1057,292,368,150,498,258,126,347,1314,618,239,187,738
1017,291,386,150,484,262,123,370,1014,621,234,197,723
993,281,387,147,465,258,120,345,1001,559,236,195,832
1016,284,384,150,484,256,120,343,1003,620,225,220,739
991,282,370,148,463,258,120,348,1005,553,237,197,717
1017,281,383,149,485,258,118,343,1065,585,239,224,743
1016,282,565,150,478,258,118,351,981,579,236,227,756
971,282,368,150,313,372,120,341,979,552,238,195,837
1052,282,384,147,485,266,120,341,1020,585,221,226,867
1016,280,370,150,831,258,118,367,977,585,238,224,721
1166,282,384,169,487,258,122,364,1391,593,224,195,733
1016,298,370,150,484,266,118,343,1036,579,238,225,754
991,294,372,148,323,372,120,341,1012,591,215,195,827
1017,291,373,147,481,258,120,343,979,595,226,197,760
1017,295,371,149,343,374,120,371,1040,589,228,197,849
992,282,386,150,453,260,120,345,2574,743,224,197,749
1017,279,387,147,489,262,122,345,1026,595,224,195,845
1018,278,386,150,335,376,118,370,1025,581,226,187,773
995,280,386,146,313,374,118,370,1031,594,225,195,1085
1012,282,368,150,337,370,120,341,1022,597,225,197,758
990,284,368,150,441,258,120,347,1012,554,226,197,706
1018,282,382,151,477,266,118,341,1001,596,227,195,739
1016,282,370,150,479,256,120,370,981,1056,224,195,772
988,284,384,148,461,256,118,341,990,554,226,195,715
991,282,372,150,474,258,121,372,1000,595,215,197,965
991,280,386,153,335,485,118,368,975,605,223,189,736
1188,283,424,167,443,260,117,372,1389,602,239,199,748
990,298,376,148,486,266,120,343,989,603,214,195,776
994,294,693,150,321,356,119,344,989,544,228,195,759
993,292,374,151,481,256,120,345,973,555,215,195,861
989,295,386,150,484,255,122,340,989,554,224,195,772
989,296,382,149,316,372,120,343,994,733,215,195,847
1024,284,382,148,460,262,119,346,993,555,225,195,776
988,280,386,150,477,254,122,341,975,569,215,193,817
1192,280,419,170,474,298,122,376,1497,597,254,195,752
1016,280,374,169,481,254,120,343,993,553,227,193,902
989,284,384,145,465,256,124,345,1198,567,217,187,752
1014,282,384,364,507,266,116,350,999,737,224,195,770
991,279,384,168,484,266,120,369,977,549,227,193,744
1007,280,705,147,534,262,118,347,997,770,224,195,786
1051,280,368,150,493,265,117,344,973,556,211,195,774
990,282,384,148,486,256,122,369,1152,1156,227,187,772
993,284,392,149,461,268,120,414,1012,550,228,199,775
1189,341,388,170,496,266,120,364,1405,778,248,213,752
992,294,376,150,319,374,120,341,1083,550,238,195,731
1003,291,384,170,484,256,123,338,969,745,215,193,721
1018,293,599,170,490,266,118,343,1089,597,226,188,811
979,293,386,150,313,374,119,340,1005,595,212,197,828
1020,296,372,171,463,256,120,345,995,872,225,199,758
1020,299,388,168,339,374,118,372,979,597,225,197,760
989,293,386,148,461,258,120,339,1012,841,215,195,705
1018,280,386,167,333,374,119,384,998,566,224,195,845
989,277,386,150,459,258,120,341,963,857,229,195,827
989,281,385,167,475,266,116,341,988,558,216,195,757
993,279,372,168,331,374,118,367,979,555,227,195,752
993,279,386,150,315,373,120,342,993,554,212,197,830
1054,282,386,167,477,256,120,343,977,597,226,195,1078
988,284,378,168,336,375,118,370,1003,595,224,197,731
991,284,386,147,319,373,122,343,1028,551,227,197,740
991,11793,463,193,602,262,118,379,1408,595,246,230,814
1005,282,370,148,510,262,120,341,986,554,238,197,759
1021,279,384,150,477,260,118,341,965,551,229,195,825
1016,282,388,149,479,256,118,345,993,555,225,199,754
987,281,386,150,313,374,117,340,1011,555,227,197,742
1014,282,368,150,461,256,120,343,1008,851,227,193,827
1012,282,368,150,475,256,120,337,1008,552,224,195,753
985,283,384,150,453,256,118,341,1011,555,213,187,835
1015,283,386,148,481,260,118,343,987,551,229,195,742
991,284,386,150,451,258,120,343,979,551,227,195,722
1017,283,371,149,485,266,120,347,1008,552,226,197,705
1020,280,386,150,484,260,119,346,1013,557,223,197,742
989,281,371,151,461,256,119,342,1005,551,229,195,833
1016,282,370,150,485,258,118,345,1008,557,225,197,829
1014,282,384,148,346,374,117,342,1007,555,229,187,770
987,279,384,150,319,370,123,338,1009,551,229,195,839
1012,282,384,150,989,258,118,346,1007,557,227,197,754
1164,282,384,169,517,256,120,366,1401,592,227,195,839
1017,293,368,170,486,300,120,341,982,552,211,197,721
987,295,369,169,483,267,117,372,985,553,227,187,839
988,294,386,148,459,265,119,368,1018,774,227,195,762
1016,282,370,168,472,258,121,368,1006,552,225,210,983
1182,282,419,166,490,264,120,370,1003,782,248,195,833
989,284,384,150,319,370,120,345,971,555,227,195,953
1018,280,372,169,345,374,119,342,989,595,228,195,845
992,282,370,150,321,374,121,342,979,554,214,195,710
988,282,370,170,484,256,122,343,969,558,224,195,707
989,283,388,168,488,264,120,369,975,561,229,193,726
991,280,370,148,464,257,120,338,975,562,224,197,745
1045,282,368,170,488,256,119,348,973,554,224,197,826
985,284,386,167,489,256,118,349,975,595,228,197,754
988,282,370,150,319,372,119,342,971,593,227,195,866
1017,281,369,169,487,260,120,341,975,551,213,197,843
992,280,370,150,315,371,118,344,981,562,214,195,903
1182,298,382,169,489,260,120,368,1355,595,246,223,750
1018,295,383,149,343,372,120,369,991,551,238,223,825
991,292,370,150,319,374,118,343,1012,554,226,197,745
1016,296,370,148,486,258,119,368,1040,579,228,195,845
993,298,372,151,481,264,120,368,1009,553,225,195,843
991,291,386,150,455,264,118,370,1011,857,226,195,758
1018,298,370,148,480,258,120,343,1012,552,225,198,845
1182,329,459,169,486,308,118,372,1798,558,240,195,753
1002,282,384,167,489,254,120,339,1002,552,238,223,740
1003,282,388,167,323,374,119,370,983,559,229,187,843
1001,281,369,151,321,377,120,343,973,553,225,197,1008
1046,282,384,148,323,370,120,343,1010,583,227,195,829
971,280,370,150,317,360,118,357,967,555,213,195,770
997,283,371,167,443,256,120,343,977,554,214,193,837
998,282,384,169,473,256,120,339,952,553,211,189,843
1164,282,386,167,487,260,118,368,1444,591,240,188,854
1001,284,382,169,479,262,122,350,1031,551,238,195,755
975,284,384,150,460,256,117,346,1019,551,215,195,766
1005,282,370,150,445,256,122,350,1003,554,224,187,764
991,281,371,149,461,258,121,344,989,780,227,193,746
986,282,368,150,319,370,123,348,1011,553,227,195,821
987,281,384,148,453,266,118,353,979,553,213,187,754
1014,282,368,150,453,256,120,341,1058,553,229,183,882
1017,281,373,147,459,256,122,367,1006,554,226,189,845
991,282,384,148,463,258,120,340,1035,549,229,185,740
990,284,384,148,463,256,118,341,977,555,225,187,742
999,281,386,150,459,256,118,343,1001,557,225,189,831
989,280,386,146,494,254,120,341,977,555,225,187,741
971,282,368,150,317,372,121,348,969,552,224,186,756
999,291,383,149,481,256,120,341,983,583,224,195,12864
967,295,367,149,485,258,118,368,975,554,222,188,852
990,294,368,150,311,374,119,368,965,550,226,195,823
1184,294,384,169,485,262,118,366,1570,591,240,197,837
1014,292,368,150,343,384,118,368,1001,553,237,187,849
991,292,386,147,465,258,118,347,1009,555,225,195,878
1017,295,369,149,485,258,118,368,1005,553,227,187,859
988,294,386,150,464,260,119,342,981,556,226,197,853
1018,292,390,149,483,258,120,341,977,628,229,197,833
994,292,372,150,481,258,116,370,979,559,229,197,837
988,294,370,150,443,258,118,345,979,559,227,197,821
1014,290,372,150,341,370,122,341,959,553,227,195,833
989,292,386,149,483,256,118,369,1002,552,226,187,867
987,281,369,151,459,264,120,365,991,553,227,195,872
1182,283,424,169,471,262,120,368,999,599,291,195,995
987,282,368,150,463,295,120,341,979,593,234,195,830
1014,282,368,150,479,262,122,339,957,591,240,195,831
988,284,368,150,483,256,120,343,975,553,238,217,857
990,282,370,150,465,256,118,341,1002,556,236,195,843
989,282,386,146,492,374,123,340,973,960,236,197,849
1184,327,384,168,492,266,118,365,1240,595,249,195,839
993,293,385,147,461,260,118,347,985,872,237,197,872
1018,296,370,152,480,258,118,343,993,549,225,197,851
990,292,374,150,443,258,120,341,971,556,224,197,1202
1003,293,372,148,487,258,120,343,1014,595,224,197,879
991,292,372,148,340,377,116,344,1005,599,224,197,859
988,294,370,150,319,372,118,343,973,591,225,195,1215
1014,292,374,150,479,256,122,340,1003,593,224,197,840
987,292,384,148,508,258,118,339,953,554,226,187,861
990,280,370,148,461,256,118,343,1005,559,225,195,850
1014,284,368,148,486,256,120,339,959,554,226,189,847
991,282,370,150,317,376,118,345,971,551,213,195,861
1002,284,370,150,512,256,120,345,1014,554,224,190,852
1020,282,372,150,484,258,122,343,977,554,226,197,851
975,284,370,150,319,374,118,345,1007,551,225,197,833
1020,280,372,148,483,254,120,347,949,557,223,197,847
1018,280,372,148,482,256,119,344,1011,553,215,197,859
1153,313,378,169,487,260,120,366,1297,592,241,189,845
1031,293,388,166,486,258,122,343,985,914,216,195,840
975,370,388,152,319,374,118,345,997,600,227,185,867
1015,293,386,148,476,258,121,340,1367,631,224,195,831
993,291,396,148,792,265,119,346,1009,599,226,185,1117
973,278,372,150,313,358,117,342,1003,583,211,195,855
1000,282,384,148,336,359,118,347,1008,556,226,195,818
1182,282,463,171,534,303,120,373,2354,561,284,196,828
973,280,388,149,321,375,118,341,1183,558,240,185,843
1050,282,368,168,486,256,120,343,983,552,228,195,869
970,393,369,148,464,264,120,343,989,593,226,195,814
997,281,369,149,483,256,118,343,1205,893,224,197,814
973,282,368,150,483,256,120,346,966,596,227,185,918
971,281,384,150,317,378,120,343,1168,585,227,187,831
1001,279,385,149,485,258,118,349,1000,597,213,195,933
975,279,386,150,345,376,118,347,995,598,227,187,798
1182,284,376,169,473,266,118,364,1488,588,235,230,814
1015,293,372,170,467,260,122,346,1009,587,213,195,762
993,293,372,148,321,359,118,345,1201,784,225,187,998
1000,292,386,151,349,327,120,347,981,604,227,195,790
1003,291,384,150,343,376,120,343,1002,560,226,189,731
991,296,386,147,316,376,120,343,1040,598,213,195,827
1016,284,368,150,480,266,120,343,1012,595,229,193,715
1002,282,370,170,474,262,118,343,1007,559,225,197,827
996,280,372,150,315,380,118,345,981,563,227,187,849
1054,287,388,150,490,256,119,348,1003,563,225,246,731
987,280,372,148,451,258,120,339,1688,555,227,195,825
1016,280,370,148,479,256,120,343,1162,778,211,195,918
992,280,372,150,335,380,118,345,981,551,229,195,723
990,280,386,150,317,374,120,345,1001,805,227,187,770
1017,281,385,147,729,258,118,347,993,557,225,199,774
991,284,370,150,478,258,119,374,1030,557,213,187,774
1180,283,960,169,502,258,123,364,1251,610,248,188,726
1015,293,1247,168,963,3447,122,341,982,530,223,280,843
1016,339,455,147,491,258,120,345,1012,554,240,215,778
1014,294,394,149,487,258,120,343,1085,561,237,195,766
1018,296,392,147,477,258,120,374,1019,837,236,532,768
1016,294,384,150,461,256,120,370,1026,560,236,223,1205
1019,279,394,150,345,372,122,370,1034,556,226,190,827
1020,284,394,147,467,256,122,373,1024,553,239,222,794
1017,283,382,150,309,376,121,370,1006,554,224,195,826
1018,280,380,150,479,256,120,368,1001,549,239,195,823
973,280,382,148,486,254,122,371,1002,560,220,187,761
1014,282,378,150,481,254,122,380,1010,560,220,195,828
1014,282,394,150,478,256,120,379,1030,553,235,197,736
999,282,396,147,457,256,121,378,1010,554,234,197,743
1017,281,392,148,483,256,120,368,1013,559,225,195,742
1016,284,392,148,348,371,124,370,1009,553,236,197,843
1003,282,396,147,682,260,118,368,1023,738,237,197,841
1170,295,408,170,516,258,122,370,1251,593,246,197,837
1002,294,388,147,497,283,123,374,1065,830,240,187,715
1019,293,392,150,490,266,128,347,1099,556,228,195,709
998,290,396,151,349,372,122,384,999,747,212,187,727
1001,295,449,150,652,256,122,347,1215,563,241,189,709
1004,296,388,149,489,266,122,349,1028,734,225,195,711
999,297,390,150,482,266,122,373,1081,556,210,187,723
997,293,382,150,319,370,122,349,1001,528,226,187,749
1048,297,382,150,480,264,121,342,1011,742,215,195,717
1013,293,392,148,500,264,120,343,1024,524,215,187,723
1018,291,390,150,489,254,122,348,1013,561,225,197,715
1018,294,380,150,486,258,122,371,1042,559,213,197,707
1020,292,382,149,463,266,120,377,1004,548,228,187,709
1020,282,394,148,486,256,122,347,1007,553,227,193,736
1021,279,392,150,486,255,120,374,1008,556,215,197,827
1030,286,382,148,325,372,122,378,1009,553,227,187,725
1046,283,404,148,346,373,120,345,975,551,227,185,738
1150,284,405,168,754,260,120,373,1252,558,242,221,841
1019,295,390,148,472,257,122,340,993,554,212,197,826
1016,290,392,149,489,254,122,357,959,859,224,187,757
1014,290,384,148,462,258,119,340,1019,547,227,187,821
1016,280,392,150,341,368,120,380,997,577,227,187,740
1014,280,394,147,483,256,122,372,997,591,226,195,759
987,283,394,150,319,374,120,373,983,592,227,187,756
1182,283,514,168,488,296,122,370,1627,593,258,195,762
1016,280,404,146,462,255,120,342,983,556,216,186,843
1014,282,382,150,476,257,118,346,983,552,224,187,845
1015,281,392,150,341,370,120,343,983,555,225,197,839
1017,283,383,149,471,260,128,349,988,574,224,187,723
1026,284,395,150,485,258,122,348,983,741,228,186,717
1019,283,394,160,345,372,122,374,987,554,226,197,967
1040,288,402,159,483,277,123,403,1080,589,218,205,760
1058,282,394,147,487,258,122,341,979,770,228,186,705
1172,280,397,172,488,266,122,373,1329,638,215,195,947
1018,323,379,151,489,301,122,347,989,575,224,195,777
1056,293,382,148,538,258,122,345,1124,755,215,185,713
1016,294,547,150,461,256,120,345,977,557,225,199,705
1198,299,489,169,510,272,122,382,993,831,252,223,719
1016,296,403,148,343,372,122,339,1003,563,240,197,763
1019,279,394,150,443,256,122,341,981,817,225,197,705
1019,279,381,149,514,258,121,342,1001,591,226,187,739
1210,283,384,150,321,372,122,345,979,552,228,185,713
1012,280,392,149,483,256,120,345,975,589,224,195,843
1014,282,569,150,480,256,120,341,999,555,223,197,703
1014,282,378,150,670,264,122,340,1080,516,213,195,756
1016,282,392,150,476,256,122,341,985,557,213,195,812
1017,283,392,150,337,376,120,341,1004,550,226,195,845
1018,284,380,148,319,376,120,345,979,559,227,189,719
1020,282,393,148,485,254,122,345,986,554,226,197,739
1000,14984,508,169,1227,272,120,363,1229,585,240,205,987
1000,298,390,149,485,264,122,345,990,570,242,195,851
1005,291,392,150,480,264,122,347,1003,789,225,187,1038
971,295,392,150,636,268,120,343,991,559,226,186,707
1000,294,388,149,341,374,119,342,1135,603,224,195,944
970,291,392,150,467,265,121,338,969,599,229,185,760
969,293,390,150,445,262,122,343,995,594,213,187,839
1044,284,390,147,341,370,122,341,959,554,226,195,840
991,284,390,151,316,380,122,351,978,570,214,197,709
1015,283,390,150,483,260,124,339,975,561,213,195,762
991,282,394,148,482,264,120,345,977,555,227,195,740
993,284,394,149,449,264,122,347,977,557,225,197,827
1019,281,394,150,341,356,122,343,981,861,228,197,834
991,280,398,147,485,262,120,343,990,558,226,189,845
973,280,398,147,465,262,122,341,1353,759,214,195,727
1018,282,392,149,483,256,120,341,949,556,226,187,727
984,282,394,150,528,376,118,343,973,551,215,195,737
1152,292,394,169,488,257,118,342,1235,591,241,218,753
1013,295,392,150,473,254,124,343,978,593,241,195,829
973,291,394,150,463,256,120,345,981,561,236,188,827
999,296,380,149,341,372,121,346,1005,585,238,217,823
991,429,394,150,466,256,123,344,971,593,244,186,821
975,291,394,150,455,256,122,341,981,1079,239,197,713
1019,297,392,150,336,375,122,372,975,601,240,219,847
975,291,382,148,461,258,120,380,979,552,222,195,725
1002,292,392,148,484,256,120,371,955,552,238,222,741
973,293,379,147,483,256,120,370,1005,555,241,193,845
971,282,392,148,449,256,120,370,950,553,237,199,740
1000,280,392,150,484,254,122,369,965,553,239,216,824
973,280,392,149,483,256,120,374,956,553,240,195,839
975,280,380,150,475,256,124,368,1015,551,236,197,832
990,284,380,150,341,372,120,372,981,562,240,219,746
993,283,379,149,465,256,120,377,1002,556,236,187,853
1021,281,392,150,480,260,121,527,956,551,237,195,740
1170,295,396,170,488,258,122,376,1249,595,236,225,792
1189,755,1414,163,1771,1158,115,646,1126,670,217,147,497
619,423,375,100,201,189,93,297,918,485,181,142,626
609,431,268,98,207,189,93,295,914,512,172,147,637
616,428,266,100,195,191,91,297,890,383,169,138,640
611,421,274,102,205,193,93,295,875,396,167,150,581
609,411,264,103,189,193,94,292,878,396,166,149,544
606,418,268,98,205,197,91,295,867,382,165,150,640
607,419,266,101,201,189,94,294,900,386,164,149,560
761,524,354,128,306,210,115,364,1394,367,187,394,620
616,408,276,102,207,193,93,287,914,374,178,147,515
603,414,266,100,215,201,94,294,902,386,175,138,623
604,424,268,100,203,191,93,289,893,378,173,138,628
623,419,272,101,195,191,94,288,933,396,168,142,506
603,420,264,100,197,193,91,293,900,384,170,138,630
613,411,266,99,201,193,92,288,904,392,175,140,632
625,415,262,99,199,191,92,288,902,416,171,140,555
609,421,260,99,204,195,91,295,891,378,171,140,625
617,420,275,101,199,193,92,290,900,396,169,138,625
622,420,262,102,197,191,91,295,900,381,177,138,543
618,418,266,100,191,195,93,301,906,388,174,139,544
618,428,277,101,201,189,94,306,943,388,174,139,629
601,417,266,97,185,193,88,286,900,376,168,146,880
685,431,272,97,199,187,92,294,1329,386,160,146,520
595,407,264,101,199,189,92,282,918,388,164,147,538
594,406,260,97,189,189,92,282,892,390,160,136,624
581,414,262,98,199,189,89,290,896,372,162,143,635
583,412,256,99,208,186,92,282,894,374,162,146,543
579,404,262,98,191,185,91,293,916,377,167,136,620
591,412,270,100,189,185,93,284,894,386,159,144,636
585,410,254,101,187,185,92,280,887,370,169,136,508
601,411,262,95,189,187,89,291,888,381,161,140,630
601,416,264,96,191,189,91,282,902,388,161,144,632
595,404,254,100,195,189,89,288,917,371,161,134,536
603,416,264,98,189,187,91,285,897,372,159,146,520
605,411,264,97,193,193,91,283,890,373,163,144,516
601,410,270,96,187,195,89,287,897,370,160,137,631
587,412,268,100,189,193,91,284,898,378,160,147,552
595,405,262,95,195,185,93,291,892,373,163,146,508
589,417,264,93,197,185,88,286,910,370,160,136,512
593,412,266,96,193,195,91,284,892,376,162,132,644
593,404,256,95,197,185,90,292,894,376,164,136,620
599,407,260,101,193,189,87,295,883,388,159,146,540
607,407,260,97,201,195,90,282,912,372,170,139,501
597,407,256,97,193,187,89,289,912,668,160,145,863
589,413,260,97,191,187,91,289,898,373,159,142,622
585,406,250,98,193,187,89,284,920,368,159,138,503
597,398,252,97,191,189,90,284,916,372,158,147,522
595,412,260,94,745,203,92,327,916,378,166,149,511
593,398,254,96,225,197,90,290,894,380,160,136,506
670,398,264,94,191,189,87,292,1398,372,164,132,597
582,407,258,91,197,187,89,287,965,375,167,130,617
573,392,256,93,183,183,87,280,894,370,162,143,524
579,398,266,92,199,183,89,290,884,366,166,134,528
569,396,262,95,181,185,87,295,893,374,167,132,611
581,396,256,95,185,181,89,295,906,384,160,132,611
576,401,251,94,181,185,87,294,892,378,166,133,495
565,390,256,93,183,183,89,288,906,360,160,132,614
569,400,258,95,181,185,87,289,914,371,165,130,611
568,405,258,91,185,183,87,286,894,366,164,132,537
554,397,255,94,181,189,89,278,908,362,164,136,504
583,394,260,95,183,183,91,282,914,378,153,144,619
577,396,256,91,185,185,87,277,891,370,155,132,495
587,382,268,94,189,185,87,292,896,360,154,136,492
575,396,262,93,201,183,88,286,890,376,156,140,502
666,402,264,98,191,195,89,284,1130,375,165,130,485
579,408,254,94,184,189,86,276,869,372,158,134,896
573,408,260,95,185,195,88,284,894,384,160,132,616
567,402,262,94,189,182,86,294,914,378,159,132,503
573,406,250,97,181,193,89,279,898,377,159,132,796
571,392,252,97,185,183,89,289,908,371,161,132,620
579,402,248,97,185,183,87,293,893,390,159,132,499
591,402,250,96,186,187,90,294,896,364,160,132,634
574,397,255,94,183,183,89,282,894,386,160,130,610
569,394,248,95,181,193,85,273,893,366,158,130,610
554,390,248,92,178,187,86,280,885,364,156,128,520
550,388,242,96,178,179,85,275,899,360,158,126,563
571,390,238,91,179,181,85,274,896,359,155,128,621
654,390,260,93,187,187,85,285,1389,366,160,136,599
571,384,244,93,179,181,85,284,902,368,156,134,614
577,388,248,93,177,187,87,274,892,366,150,138,614
542,394,246,93,183,189,83,275,895,376,151,136,605
558,396,248,94,178,187,85,279,910,357,149,136,613
558,388,252,96,183,188,86,278,890,378,152,130,524
551,384,260,93,185,179,87,286,894,364,156,136,604
558,393,249,94,185,180,86,278,914,358,154,134,622
546,384,252,93,179,183,85,278,890,366,158,126,760
554,396,242,93,179,179,87,281,903,358,154,126,813
562,388,246,93,185,181,85,277,897,372,150,136,787
554,390,234,93,177,179,85,284,882,357,155,128,483
555,390,247,94,181,187,85,278,865,360,152,136,648
559,388,260,95,179,185,85,272,868,375,147,140,615
562,382,246,91,185,183,83,279,895,360,150,128,569
599,392,254,95,185,183,87,273,891,364,158,130,559
570,382,252,88,180,185,86,276,916,357,151,138,491
560,380,256,92,178,181,83,289,906,365,155,136,617
567,390,252,91,181,181,85,279,920,363,151,138,542
563,390,244,93,175,185,85,276,892,355,153,136,495
559,388,248,93,179,187,85,278,894,364,156,128,615
569,390,252,93,175,180,86,274,894,361,151,136,621
548,386,246,93,175,183,85,274,914,408,155,128,542
565,390,250,97,175,181,87,278,890,366,150,136,622
550,378,260,89,177,183,87,282,866,363,149,138,573
559,376,247,92,179,184,86,276,890,367,155,130,495
562,392,252,94,179,184,86,280,916,366,154,136,606
528,370,242,91,169,181,83,276,918,354,146,132,520
642,384,256,89,183,185,83,286,1286,352,150,124,806
539,384,250,85,175,184,80,270,914,351,148,122,604
539,361,240,87,173,177,83,272,888,565,148,124,522
544,386,242,87,181,177,83,272,916,354,148,124,607
538,368,240,89,173,178,84,272,894,349,150,124,551
557,374,237,90,172,185,85,268,872,355,149,126,524
553,379,244,87,181,185,83,273,914,365,146,126,518
536,382,242,93,169,181,83,276,890,353,148,124,549
548,374,246,91,441,185,83,270,890,358,148,124,487
554,376,244,85,179,185,83,276,892,357,149,124,595
547,363,242,89,181,179,81,282,868,355,147,123,472
536,376,246,89,177,181,83,268,873,346,146,126,479
544,372,241,88,180,179,79,279,889,358,148,122,597
691,417,253,96,231,220,107,311,1524,485,173,130,504
547,376,247,88,189,178,82,274,896,373,157,130,485
624,380,250,87,185,191,81,286,888,364,152,124,583
544,378,241,88,170,185,80,272,893,354,150,126,477
547,367,234,85,201,181,82,272,887,346,148,122,475
546,366,233,90,197,182,82,270,912,351,146,122,593
541,369,232,89,199,179,84,272,914,349,148,124,595
551,374,233,90,197,180,84,270,890,369,146,124,874
538,378,240,89,199,179,81,274,892,351,147,125,616
550,396,242,88,199,176,84,272,885,352,146,126,601
550,386,238,89,199,175,83,275,889,372,148,124,547
534,374,236,89,197,177,83,272,876,345,148,124,599
557,384,241,90,201,177,83,270,906,351,145,127,496
555,372,233,90,197,178,84,270,891,348,148,124,599
549,390,233,87,197,179,81,275,891,368,148,126,604
544,372,258,87,201,175,83,281,928,353,151,126,485
634,374,248,91,181,185,83,288,1370,373,149,134,589
549,380,241,92,181,186,82,272,900,351,154,133,591
543,373,242,92,188,187,84,270,1087,357,152,134,508
537,369,250,87,173,177,83,272,894,347,147,134,589
548,364,243,88,187,176,84,268,871,362,154,134,601
537,367,236,87,177,179,83,272,910,378,150,132,591
548,370,239,114,181,177,83,274,880,351,148,132,604
551,370,237,92,176,183,83,273,893,358,146,132,524
542,380,240,89,179,181,83,266,870,347,152,126,549
547,383,238,90,174,175,85,278,888,343,149,132,491
551,378,239,90,180,181,83,273,893,348,146,134,475
538,364,236,93,175,179,81,272,898,351,148,135,585
549,374,245,88,187,178,84,276,920,351,149,132,601
536,372,231,90,174,177,85,275,899,360,148,126,473
544,366,237,88,183,176,84,276,883,352,154,124,744
542,388,248,89,179,177,83,276,1152,368,156,124,607
540,386,240,91,171,179,83,274,874,349,150,126,604
551,375,244,88,174,177,81,276,888,352,152,132,597
546,378,238,89,179,183,85,270,884,349,148,134,506
536,366,234,87,175,176,84,270,867,349,145,134,501
556,374,244,89,183,179,85,272,890,364,150,136,603
542,376,234,87,175,184,80,274,896,351,154,124,472
555,375,238,91,171,189,85,270,880,351,157,124,593
555,382,233,88,180,181,83,275,968,360,152,126,516
551,382,235,90,172,177,83,279,914,361,151,126,568
555,375,242,91,173,177,85,270,912,352,150,136,595
547,387,240,92,174,175,83,276,896,348,152,134,516
528,382,226,91,171,177,83,278,863,350,152,134,597
554,386,240,87,175,176,84,276,892,349,146,134,602
631,376,252,91,183,187,83,277,1346,378,157,123,470
549,379,244,89,187,177,81,273,932,351,147,134,587
534,400,248,90,189,176,84,272,912,355,155,126,601
530,380,235,90,175,178,84,282,948,346,154,124,473
530,382,250,87,175,180,86,272,920,358,152,124,609
541,392,247,88,178,179,84,268,899,358,154,126,595
538,372,244,89,173,177,83,276,884,353,157,124,609
545,386,249,90,179,176,84,270,873,348,154,122,597
542,364,237,90,174,183,83,273,918,530,156,124,534
552,364,243,88,172,185,82,290,884,349,158,132,476
551,371,246,90,172,175,83,279,883,352,150,126,898
544,374,236,89,173,181,81,270,861,368,152,126,482
551,380,243,90,172,177,81,285,883,350,156,124,548
642,392,256,91,181,191,83,282,890,358,150,126,566
543,367,244,91,175,181,83,280,912,352,152,128,488
555,375,240,91,173,177,83,276,898,352,152,124,607
541,371,254,92,280,181,83,297,910,343,152,124,603
550,388,236,91,234,177,83,272,892,349,153,124,520
544,386,246,91,230,182,84,268,890,351,150,126,941
544,370,243,92,225,183,81,271,887,348,148,124,601
550,380,242,93,232,176,82,276,875,348,148,126,514
548,394,236,91,230,184,84,268,894,349,148,124,502
550,372,232,89,228,180,86,272,867,354,154,124,485
559,382,237,92,231,175,83,279,893,370,152,124,608
544,384,238,91,226,181,83,270,910,353,151,124,814
552,382,238,87,232,181,83,270,871,350,148,124,743
551,378,243,88,225,183,83,272,898,346,148,124,609
543,367,234,89,226,183,81,274,867,352,154,124,839
548,366,243,86,227,177,83,276,888,352,150,126,593
634,382,249,92,187,185,83,286,1331,353,155,134,589
524,360,231,84,170,175,79,274,870,349,146,130,596
516,384,230,87,173,176,80,266,885,374,148,132,494
534,369,230,87,169,175,81,268,947,343,150,120,835
532,368,227,86,170,185,81,267,891,346,144,130,514
539,378,239,86,176,175,81,278,868,347,150,120,602
526,361,230,85,171,176,84,264,883,348,146,124,607
528,368,236,87,165,180,84,278,900,359,147,121,516
532,367,232,89,175,181,79,278,912,346,144,130,595
524,353,232,87,171,180,82,272,867,343,151,120,583
530,357,230,85,187,183,79,280,906,358,144,132,532
526,360,230,85,175,174,83,263,887,345,149,120,820
534,357,228,87,173,175,83,266,882,351,148,120,784
532,372,227,88,172,181,82,272,887,344,148,122,617
530,362,229,87,167,173,83,266,867,356,146,120,475
532,367,224,89,171,179,83,276,888,345,146,130,594
530,378,230,89,181,181,79,268,920,344,142,132,597
526,363,220,91,169,178,78,270,910,349,144,130,490
532,376,227,88,178,181,83,271,891,348,150,130,593
532,364,223,90,168,175,81,266,892,349,147,121,585
532,372,225,87,169,177,81,272,870,353,148,130,518
526,370,232,87,169,178,84,268,883,348,144,130,601
524,361,224,87,169,178,80,268,885,346,150,128,530
536,370,225,86,168,187,79,281,889,346,142,120,510
540,378,223,86,166,181,83,268,888,343,151,128,591
518,362,223,88,168,181,77,266,912,346,144,128,471
536,384,225,88,176,175,79,277,891,342,148,132,589
541,369,439,89,169,175,81,276,882,343,146,120,512
536,362,219,85,181,173,83,274,886,345,148,130,466
540,374,226,85,179,174,82,278,863,343,143,119,516
616,371,246,90,176,181,81,281,1336,350,146,130,497
542,368,227,86,174,181,79,279,898,357,144,130,508
528,357,228,87,171,179,83,266,896,357,145,130,591
532,368,227,88,168,177,81,268,933,355,146,128,512
534,368,232,89,175,176,82,268,871,356,140,132,607
536,356,237,85,177,175,79,268,876,347,148,122,585
522,369,236,85,173,181,79,268,916,358,146,130,473
534,370,239,86,170,185,79,266,892,370,146,130,520
522,364,231,86,168,179,79,266,878,351,142,130,591
536,362,233,88,170,187,82,264,883,348,144,122,589
605,384,248,89,177,187,81,272,894,347,142,130,494
516,345,230,87,167,173,81,268,884,375,147,130,572
514,365,234,87,175,181,83,264,894,345,148,124,593
608,392,276,89,218,182,82,274,1385,537,152,130,504
518,382,231,88,172,171,83,266,896,345,147,121,486
529,375,232,85,175,177,81,264,890,349,142,130,475
527,363,226,85,168,177,79,277,910,347,146,122,473
520,356,227,85,175,173,83,274,866,347,142,122,475
520,356,233,84,182,175,81,268,884,353,145,122,524
526,366,231,88,166,175,81,274,868,353,142,132,569
522,356,231,84,168,177,79,270,890,357,143,124,546
526,366,232,83,170,173,83,267,893,350,144,130,788
514,354,239,86,180,187,79,273,875,345,145,122,515
522,366,234,87,274,181,83,266,872,341,146,120,461
524,359,230,87,175,175,81,270,865,344,144,120,495
677,449,310,108,221,206,91,313,1375,624,172,153,558
532,376,229,86,170,179,79,289,875,356,148,130,473
531,384,221,89,175,177,81,270,898,357,147,124,461
523,375,224,91,175,175,83,272,1054,350,146,120,473
524,376,222,87,169,176,81,279,861,347,141,123,468
522,376,223,85,167,179,81,272,882,349,144,118,475
530,376,218,89,167,176,84,276,908,349,144,120,465
520,376,219,92,166,175,81,274,902,348,144,122,459
534,374,236,89,171,180,80,266,865,347,141,119,488
520,376,217,90,166,173,81,274,870,351,148,120,624
532,367,234,89,171,177,81,272,1125,342,146,122,792
520,380,233,85,169,179,79,278,898,351,141,122,487
528,362,229,88,166,175,81,278,870,351,142,120,480
522,380,236,85,177,180,80,268,890,353,152,120,475
522,374,237,88,168,173,81,270,904,356,146,130,495
533,375,240,87,169,173,81,266,894,347,144,122,506
536,380,240,87,168,183,82,268,865,526,144,124,490
522,567,225,87,167,175,81,270,873,350,144,120,481
530,374,233,88,168,179,81,275,1249,343,152,120,520
616,430,293,112,229,203,88,290,886,371,161,132,508
583,399,249,92,199,193,85,284,910,557,152,134,496
1663,409,253,102,201,201,83,301,920,394,151,140,534
659,418,386,132,205,195,81,287,983,372,152,101,679
613,400,250,88,221,187,87,291,885,402,159,134,605
648,469,360,93,203,195,85,283,898,416,169,140,841
618,414,282,90,219,201,81,295,886,371,173,167,583
675,497,313,112,431,213,105,319,1093,423,193,172,516
587,429,302,124,254,205,80,341,1018,420,154,143,524
672,445,293,101,238,199,83,307,1263,395,150,136,504
1308,536,2097,205,1737,875,146,809,977,952,366,295,719
834,295,427,156,567,274,126,355,949,565,266,195,749
834,307,465,177,516,272,126,356,1430,578,254,195,738
832,307,445,177,508,272,128,355,1062,624,250,195,855
788,305,414,155,485,266,126,351,969,573,248,195,786
831,307,437,176,508,272,126,352,968,590,235,203,788
831,304,437,175,509,267,125,352,973,573,223,203,790
788,306,409,156,467,266,126,354,977,829,247,205,732
831,293,436,177,502,264,126,355,975,577,222,203,792
805,294,408,155,479,266,126,350,970,573,234,195,778
833,293,406,177,503,266,126,354,1141,573,250,203,827
831,294,433,154,486,266,126,353,973,575,252,217,811
973,296,457,401,581,274,126,390,1222,616,315,203,754
987,585,524,185,540,305,126,394,1450,616,347,215,738
805,308,502,187,351,384,126,390,1026,614,235,193,778
806,307,408,156,482,262,126,353,1018,824,248,195,849
889,356,727,197,693,424,126,425,961,1111,286,244,788
831,296,404,153,530,311,126,353,961,617,234,203,758
833,309,406,156,533,264,126,353,965,571,252,203,757
830,305,410,155,510,264,126,387,949,579,250,203,1209
805,308,398,155,483,262,128,352,965,578,248,193,847
833,307,398,154,506,264,126,386,963,574,252,203,845
834,305,406,155,365,386,126,384,995,573,252,205,955
804,307,408,155,469,264,126,353,981,927,249,202,808
835,301,412,154,587,264,126,386,1002,577,251,204,928
806,307,410,155,337,370,125,384,1181,576,248,195,725
834,295,410,155,361,386,126,353,965,573,250,203,727
989,309,408,177,510,268,126,390,1286,619,256,270,732
829,309,398,152,333,382,128,353,975,604,248,203,883
1081,392,1235,142,1038,571,101,464,910,623,193,122,522
534,366,288,88,187,182,82,268,995,360,150,122,530
526,357,293,85,177,175,79,270,900,520,150,124,481
536,372,230,85,166,183,81,269,887,356,150,120,508
530,360,235,88,172,181,79,277,903,356,146,124,569
530,370,234,89,173,180,78,272,892,353,146,124,526
644,370,253,90,398,179,81,282,1239,380,157,130,520
506,376,236,87,209,175,81,264,902,351,153,122,475
522,376,243,86,166,181,79,266,1426,524,151,123,523
568,468,304,92,241,187,100,315,916,386,164,138,715
537,377,271,87,170,177,81,265,897,354,146,124,485
535,373,234,87,169,177,81,266,890,355,155,128,505
520,367,234,83,171,176,82,262,889,382,146,120,537
528,368,239,90,174,173,79,266,864,343,154,122,595
522,376,233,86,168,175,81,278,886,353,149,120,485
518,370,232,89,171,174,82,266,1115,341,152,120,597
526,370,244,83,170,177,83,264,868,349,148,122,476
528,370,233,87,171,177,81,266,914,356,152,130,587
508,370,233,86,172,177,77,282,868,347,146,120,473
510,374,238,83,171,174,81,269,914,341,154,120,465
522,368,229,90,168,173,83,273,861,339,152,120,500
530,372,232,87,169,174,81,277,916,341,152,122,778
528,483,13526,110,284,199,96,292,1262,365,183,234,542
565,382,272,87,179,185,83,272,886,374,142,124,514
640,449,301,109,238,207,96,315,914,461,197,175,589
534,384,242,89,187,181,83,267,924,363,147,130,597
534,369,250,88,178,179,81,271,883,360,150,130,489
555,366,245,86,178,181,81,271,887,642,153,127,527
536,358,237,86,170,177,83,264,1055,349,146,122,715
534,376,229,86,181,180,82,274,885,354,148,130,478
540,378,230,87,173,181,83,274,886,347,150,120,476
522,361,240,85,169,179,79,270,867,346,146,122,471
536,364,231,88,172,175,81,270,919,351,152,122,725
675,436,262,100,236,209,79,299,885,352,156,132,492
1466,569,2086,238,1828,745,157,825,1135,989,451,301,843
908,337,536,173,595,290,137,375,998,617,301,215,794
877,319,518,169,430,451,136,376,1182,618,288,213,819
902,340,491,191,569,278,138,374,1022,623,256,222,792
1072,337,555,173,583,296,136,419,1570,680,270,210,790
876,335,455,169,369,396,138,417,1377,614,255,214,826
906,321,441,175,548,278,136,415,983,662,274,210,773
906,321,470,168,559,286,136,421,999,656,274,220,792
989,340,449,156,542,266,126,390,1300,620,250,205,942
908,320,482,170,553,280,138,417,991,630,254,223,894
879,319,445,170,541,280,136,372,987,616,272,211,808
906,321,443,169,546,280,137,418,967,617,273,221,910
908,319,441,172,539,290,134,368,1024,613,270,214,808
873,319,425,171,556,282,134,370,971,654,272,210,895
906,319,426,169,384,414,138,372,981,615,273,221,910
910,317,481,169,571,282,136,419,979,609,272,214,828
879,321,445,169,562,281,136,374,985,621,268,214,898
902,323,445,171,538,278,140,415,981,613,273,221,914
876,321,444,169,516,284,136,372,977,622,268,213,890
904,321,429,168,536,279,136,374,979,617,272,222,770
872,321,440,169,538,283,136,416,979,630,268,221,829
876,318,427,169,497,281,136,373,1010,611,269,211,896
904,321,428,169,520,278,138,376,15627,853,380,300,843
904,386,490,168,392,417,136,371,1065,662,268,224,806
875,329,453,169,363,413,136,367,994,1117,268,213,803
902,333,471,169,530,288,136,415,985,613,270,250,774
873,333,455,169,367,411,136,372,987,623,254,212,893
904,335,471,169,550,287,138,374,973,617,244,221,896
907,336,481,169,550,291,136,418,991,614,272,254,894
875,336,438,169,508,280,138,374,983,614,241,214,893
867,321,459,163,513,273,132,357,1008,605,244,211,806
869,317,461,161,526,278,134,403,973,595,243,214,869
838,305,429,162,476,276,132,361,973,553,229,204,749
870,304,463,161,516,272,132,360,973,591,245,212,1141
838,307,423,162,341,397,132,400,973,589,258,203,804
867,305,443,160,516,281,132,363,971,599,232,209,786
847,307,440,163,363,397,132,402,981,595,246,211,867
837,306,417,160,344,371,134,362,975,601,232,201,749
1012,337,465,161,745,281,130,398,1373,640,266,244,798
872,323,446,163,404,396,134,402,992,646,260,211,873
841,323,422,163,554,279,132,400,1024,640,257,212,887
900,316,445,163,530,272,132,362,973,680,246,213,780
825,319,428,161,526,272,134,398,996,627,258,214,753
869,321,443,164,527,272,132,361,1024,644,232,211,873
887,321,565,162,510,319,132,402,1319,597,288,285,1066
998,298,445,155,514,274,128,353,1168,579,250,205,772
834,297,437,154,364,388,126,353,967,589,248,197,764
870,306,455,163,530,280,132,358,973,591,258,203,806
822,307,423,160,526,275,132,359,1014,895,256,214,865
895,307,416,161,534,274,128,362,1022,593,260,211,782
822,305,425,162,376,394,132,362,1003,595,258,213,750
849,309,426,161,376,396,132,357,1004,615,258,209,872
847,309,420,165,524,272,134,358,1028,595,258,241,886
991,296,407,154,492,266,126,390,1456,624,251,202,771
851,325,425,160,530,281,132,359,1030,634,260,244,891
849,325,426,161,512,270,132,400,975,593,260,242,889
821,319,410,163,509,271,132,359,993,598,258,211,865
869,307,412,161,534,272,134,399,995,599,260,213,870
841,308,413,162,372,380,132,361,994,897,260,212,871
851,307,426,161,376,398,132,400,979,618,262,211,806
1011,305,494,160,528,279,130,400,1011,636,270,242,875
818,307,425,160,520,270,134,360,993,605,258,212,865
849,304,429,160,370,396,134,358,965,599,246,211,871
847,306,423,160,374,396,132,398,965,593,244,213,890
818,307,425,160,526,272,128,362,957,816,244,211,750
868,308,423,160,374,396,130,400,1010,603,232,211,865
837,308,411,160,526,278,134,401,1399,593,246,201,890
869,305,424,161,374,398,130,367,998,603,232,213,802
1046,323,436,163,540,276,128,433,1418,678,271,243,809
807,308,413,160,516,266,128,352,1042,633,248,203,764
835,307,408,157,509,264,126,354,999,618,249,232,849
837,309,394,154,506,266,126,390,985,618,248,203,867
806,307,408,155,505,264,128,352,991,579,248,203,762
1184,309,447,164,1034,264,126,384,967,981,250,233,845
807,308,417,156,504,266,126,353,975,551,248,205,766
835,296,390,157,512,266,126,351,973,622,247,234,731
835,296,405,156,504,274,126,367,994,619,250,203,744
807,296,390,157,510,264,126,365,973,616,248,203,778
835,296,401,156,504,266,126,351,989,620,248,203,851
834,295,390,156,504,268,124,384,987,605,248,232,1137
804,297,404,156,504,266,124,351,973,583,248,203,847
831,296,404,157,503,273,126,353,969,575,248,205,843
806,295,404,156,506,266,126,353,988,576,248,203,732
832,295,390,158,484,274,126,351,975,620,250,203,745
1003,309,433,164,528,266,132,390,1440,624,254,229,776
808,307,400,158,354,390,124,384,987,605,248,205,843
835,312,407,156,356,388,125,354,979,607,250,195,849
806,311,406,158,362,386,126,384,969,607,250,195,849
806,307,406,156,484,274,124,386,987,802,248,203,744
835,309,406,155,506,266,126,355,969,617,250,234,760
789,308,405,158,355,386,126,350,971,579,247,204,851
818,309,406,155,505,273,126,355,969,617,250,203,851
807,309,400,156,502,272,126,384,973,619,250,205,845
788,294,405,156,510,264,124,355,967,538,248,203,847
818,295,402,158,504,266,126,350,962,620,250,205,780
790,294,405,156,504,272,126,384,995,618,252,203,782
788,295,404,155,503,266,126,352,971,572,250,203,845
832,295,394,156,504,266,124,386,973,601,252,232,863
807,294,404,155,508,272,126,384,971,621,248,203,780
838,295,396,156,514,264,126,352,971,619,250,234,851
992,310,405,158,510,268,124,386,1414,619,258,234,776
806,307,394,156,358,386,126,384,989,618,247,195,764
835,307,406,156,512,264,126,352,985,619,252,203,851
835,307,404,156,356,388,126,386,971,623,250,223,849
804,305,392,155,650,266,124,351,963,883,248,203,845
835,309,404,156,510,266,124,384,971,605,250,203,862
806,307,404,156,508,272,126,384,999,616,248,203,867
1022,325,622,156,581,349,126,384,1420,664,258,193,746
805,306,409,156,504,266,124,351,1038,583,234,203,845
803,294,390,155,485,268,126,349,959,571,246,203,727
806,291,406,156,453,264,122,352,977,577,247,201,728
829,295,402,156,506,272,126,347,973,585,248,203,758
804,293,404,155,489,264,122,353,1000,575,233,203,860
833,294,390,157,505,267,125,352,967,550,246,203,857
833,291,392,156,577,274,126,392,967,534,236,203,886
987,295,469,156,473,273,124,385,994,615,248,203,740
831,295,408,154,352,367,126,364,1007,573,236,203,723
831,295,406,154,352,385,124,368,967,569,223,203,843
805,292,408,155,353,386,124,353,1004,573,247,202,849
839,300,421,156,543,264,124,388,1001,632,243,193,752
987,294,425,158,490,268,126,384,1409,618,234,227,804
861,293,426,159,499,264,126,350,995,573,248,195,725
830,295,406,155,493,266,124,350,966,758,248,203,727
804,295,390,156,498,266,124,351,990,574,248,203,726
831,295,390,156,351,386,124,350,966,537,246,203,845
813,298,405,156,508,264,122,351,975,581,248,203,841
832,295,398,156,506,266,126,384,965,577,235,204,847
832,295,416,155,357,388,124,354,968,575,232,205,729
833,294,406,157,508,268,124,394,975,587,233,203,726
806,295,404,157,509,267,126,359,977,577,234,205,765
833,294,406,157,504,266,124,353,973,573,248,203,731
835,295,406,157,507,266,124,386,965,573,248,219,729
833,294,407,156,506,264,126,355,971,575,248,219,803
806,295,406,158,504,266,126,384,983,882,248,205,845
808,295,406,156,500,266,126,352,973,576,234,205,914
832,295,398,158,504,266,126,382,977,579,234,203,853
993,299,453,158,461,268,126,386,1290,609,232,203,737
833,296,412,157,506,272,124,355,987,547,235,195,742
790,297,398,156,508,274,126,352,987,577,235,204,865
833,296,407,156,485,273,126,355,973,575,248,203,871
817,295,404,156,506,272,126,351,969,896,248,203,727
788,295,406,155,505,273,125,350,993,577,250,203,725
817,304,425,156,506,274,124,352,969,576,236,203,764
816,303,406,157,505,273,125,352,987,573,250,203,745
805,307,404,156,504,272,126,352,997,571,247,204,725
829,296,405,156,504,272,126,351,963,573,246,205,861
832,295,404,155,361,388,124,382,971,575,248,203,747
790,293,406,156,502,264,126,353,1020,575,246,203,745
815,292,407,156,504,272,124,349,969,577,248,201,859
786,293,406,157,495,262,126,352,979,572,248,203,858
817,294,404,155,505,273,124,353,985,565,246,205,863
813,294,408,155,357,386,126,350,991,587,252,203,776
786,295,404,157,507,266,124,352,1150,1015,248,203,746
1024,309,440,155,512,266,124,386,1279,805,260,203,855
753,441,884,142,1056,530,100,439,928,636,187,130,505
