end,isr_entry,iret,c_entry,c_exit,first_try_handle_mm_fault_with_mm_lock_end,first_try_handle_mm_fault_with_mm_lock_page_table_walk_end,first_try_handle_mm_fault_with_mm_lock_start,first_try_lock_mm_and_find_vma_end,first_try_lock_mm_and_find_vma_start,handle_usm_fault_poll_ready_end,handle_usm_fault_poll_ready_start,handle_usm_fault_poll_returned_end,handle_usm_fault_poll_returned_start,page_allocation_end,page_allocation_start,retry_handle_mm_fault_with_mm_lock_end,retry_handle_mm_fault_with_mm_lock_page_table_walk_end,retry_handle_mm_fault_with_mm_lock_start,retry_lock_mm_and_find_vma_end,retry_lock_mm_and_find_vma_start,wake_up_userfaultfd_end,wake_up_userfaultfd_start
10362,1044,9582,1418,9305,9029,2799,2137,,54663,6860,6716,8334,7290,,,,,,,,,
7008,1155,6114,1545,5878,5630,2845,2271,,57707,3443,3305,4905,3859,,,,,,,,,
6349,1117,5527,1424,5324,5074,2644,2118,,54864,3067,2935,4479,3467,,,,,,,,,
6461,1056,5614,1369,5373,5125,2476,1954,,59150,2876,2748,4511,3246,,,,,,,,,
6391,1126,5546,1432,5345,5097,2578,2070,,61417,2986,2856,4404,3358,,,,,,,,,
6614,1170,5714,1479,5501,5253,2706,2180,,62106,3106,2976,4660,3468,,,,,,,,,
6502,1142,5684,1449,5466,5225,2682,2123,,58244,3108,2968,4577,3468,,,,,,,,,
6689,1087,5874,1393,5673,5428,2381,1972,,54338,2891,2763,4562,3256,,,,,,,,,
6579,1083,5547,1391,5344,5100,2433,1970,,1808,2959,2831,4457,3327,,,,,,,,,
6691,1085,5937,1389,5734,5503,2494,1970,,1808,2901,2773,4863,3264,,,,,,,,,
7268,1060,6463,1367,6252,6002,2779,2112,,29991,3181,3051,5145,3587,,,,,,,,,
6547,1058,5799,1444,5568,5320,2521,2011,,9711,2923,2793,4662,3291,,,,,,,,,
6626,1085,5813,1389,5612,5383,2421,1968,,22624,2951,2819,4712,3327,,,,,,,,,
6835,1302,6065,1607,5864,5619,2907,2344,,2184,3317,3187,4997,3677,,,,,,,,,
6230,1105,5471,1408,5257,5014,2495,1993,,5856,2903,2773,4372,3269,,,,,,,,,
7875,1302,7087,1661,6876,6616,3297,2720,,2506,3705,3575,5809,4134,,,,,,,,,
6387,1089,5554,1398,5341,5095,2479,1975,,1814,2883,2753,4489,3265,,,,,,,,,
6299,1086,5543,1391,5340,5094,2492,1956,,15766,3034,2904,4454,3396,,,,,,,,,
6815,1101,6019,1406,5817,5584,2523,1984,,1822,2935,2805,4723,3358,,,,,,,,,
6025,1057,5261,1363,5054,4810,2288,1938,,1778,2816,2686,4209,3177,,,,,,,,,
6640,1084,5846,1387,5600,5356,2293,1950,,1787,2923,2795,4580,3290,,,,,,,,,
8360,1279,7576,1615,7371,7097,3701,2799,,2579,4241,4111,6225,4643,,,,,,,,,
6681,1139,5836,1491,5624,5379,2777,2283,,2100,3309,3179,4751,3695,,,,,,,,,
8121,1105,7107,1410,6894,6636,2728,1993,,1826,3148,3020,6037,3713,,,,,,,,,
6080,1083,5288,1388,5074,4825,2438,1952,,1790,2840,2710,4227,3218,,,,,,,,,
6584,1103,5808,1408,5605,5347,2582,2019,,45078,2982,2854,4463,3350,,,,,,,,,
6230,1136,5428,1442,5190,4940,2387,2027,,58114,2907,2777,4347,3319,,,,,,,,,
6127,1108,5381,1412,5168,4908,2371,2028,,44548,2901,2771,4307,3263,,,,,,,,,
6320,1083,5554,1392,5351,5109,2513,2016,,48060,2917,2785,4327,3279,,,,,,,,,
7148,1279,6384,1625,6183,5886,2766,2254,,58701,3173,3043,5147,3571,,,,,,,,,
6383,1110,5594,1412,5391,5129,2542,2009,,1829,2944,2814,4546,3305,,,,,,,,,
6253,1073,5485,1378,5245,5001,2342,1999,,50605,2852,2722,4213,3218,,,,,,,,,
6343,1105,5513,1411,5303,5070,2547,2023,,6979,2992,2862,4454,3357,,,,,,,,,
6520,1105,5748,1411,5506,5275,2825,1974,,56558,3231,3099,4641,3595,,,,,,,,,
6261,1073,5485,1382,5284,5036,2330,1993,,53406,2842,2712,4223,3206,,,,,,,,,
6116,1074,5293,1383,5090,4844,2480,1944,,59676,2880,2752,4237,3244,,,,,,,,,
6169,1103,5385,1426,5145,4899,2539,2017,,41933,2949,2821,4302,3313,,,,,,,,,
6370,1072,5517,1389,5305,5062,2518,2019,,1858,2931,2803,4286,3294,,,,,,,,,
6224,1142,5341,1459,5139,4906,2456,2064,,1873,2986,2854,4333,3352,,,,,,,,,
6283,1097,5467,1420,5266,5022,2381,2018,,1835,2907,2777,4252,3269,,,,,,,,,
6011,1069,5243,1384,5034,4790,2442,1944,,1784,2846,2716,4199,3210,,,,,,,,,
6110,1099,5322,1414,5121,4879,2539,2013,,1830,2939,2809,4286,3303,,,,,,,,,
6275,1069,5505,1384,5294,5050,2320,1975,,1810,2854,2726,4447,3218,,,,,,,,,
6619,1076,5821,1397,5620,5382,2571,1998,,45950,2971,2843,4692,3345,,,,,,,,,
26197,1085,25306,1400,24956,4965,2379,1991,,72758,2911,2785,4284,3275,,,,,,,,,
6929,1095,6119,1414,5907,5643,2570,2005,,70184,2976,2848,5022,3397,,,,,,,,,
6372,1131,5620,1452,5389,5127,2626,2086,,1903,3036,2908,4464,3416,,,,,,,,,
6529,1069,5757,1390,5537,5296,2497,1973,,1790,2899,2771,4709,3275,,,,,,,,,
6976,1054,6009,1371,5765,5535,3114,2592,,2430,3516,3390,4902,3880,,,,,,,,,
6609,1084,5823,1407,5612,5368,2752,1996,,1814,3156,3026,4763,3522,,,,,,,,,
6300,1090,5541,1411,5340,5092,2585,2029,,26816,2990,2860,4503,3351,,,,,,,,,
6518,1105,5748,1426,5535,5287,2533,2011,,1828,2939,2809,4483,3303,,,,,,,,,
6281,1064,5511,1383,5308,5064,2366,1995,,51919,2894,2766,4473,3258,,,,,,,,,
6285,1055,5529,1373,5314,5066,2481,1981,,45104,2883,2755,4441,3248,,,,,,,,,
6560,1125,5711,1448,5498,5265,2595,2049,,1866,3004,2876,4633,3369,,,,,,,,,
6181,1071,5416,1390,5206,4961,2517,1997,,1814,2927,2799,4361,3291,,,,,,,,,
6561,1077,5796,1394,5594,5343,2353,2005,,34654,2887,2757,4747,3252,,,,,,,,,
6876,1105,6035,1428,5832,5600,2833,2011,,59357,3236,3108,4792,3617,,,,,,,,,
6086,1077,5289,1396,5078,4847,2310,1964,,1804,2836,2706,4237,3199,,,,,,,,,
6309,1072,5557,1391,5346,5100,2714,1995,,55260,3118,2988,4497,3484,,,,,,,,,
7713,1286,6902,1609,6687,6423,2795,2257,,60161,3203,3071,5584,3628,,,,,,,,,
6723,1071,5952,1387,5718,5486,2291,1948,,1788,2819,2691,4284,3185,,,,,,,,,
6224,1136,5472,1440,5267,5023,2419,2050,,39363,2956,2828,4375,3337,,,,,,,,,
6041,1058,5277,1350,5076,4840,2464,1960,,1781,2860,2736,4217,3207,,,,,,,,,
6104,1028,5358,1322,5131,4899,2196,1861,,50990,2706,2582,4040,3073,,,,,,,,,
5919,1028,5155,1320,4952,4716,2399,1893,,37031,2789,2665,4127,3142,,,,,,,,,
5911,1030,5141,1321,4940,4705,2401,1918,,28294,2791,2665,4116,3139,,,,,,,,,
6709,1036,5563,1328,5360,5125,2378,1883,,54517,2775,2649,4296,3130,,,,,,,,,
6080,1058,5263,1349,5058,4824,2501,1936,,1753,2899,2775,4245,3252,,,,,,,,,
5921,1030,5139,1320,4936,4702,2370,1895,,1720,2760,2636,4133,3114,,,,,,,,,
6165,1087,5430,1381,5224,4989,2442,1940,,1784,2848,2724,4219,3197,,,,,,,,,
5915,1038,5188,1332,4991,4755,2287,1931,,55124,2797,2673,4139,3148,,,,,,,,,
5962,1020,5231,1312,5036,4800,2227,1887,,14623,2873,2749,4191,3220,,,,,,,,,
6311,1058,5568,1349,5365,5129,2541,1891,,1737,2947,2822,4317,3297,,,,,,,,,
6327,1020,5594,1322,5399,5178,2655,2100,,24621,3055,2931,4607,3408,,,,,,,,,
6589,1239,5852,1554,5657,5405,2643,2125,,25368,3035,2911,4757,3447,,,,,,,,,
6059,1042,5304,1349,5099,4849,2462,1956,,49010,2852,2726,4284,3236,,,,,,,,,
6201,1015,5090,1318,4893,4643,2196,1861,,1706,2706,2582,4058,3061,,,,,,,,,
6291,1093,5550,1400,5355,5103,2535,2023,,56568,2923,2799,4292,3285,,,,,,,,,
6102,1060,5338,1365,5114,4863,2350,1988,,53442,2868,2744,4278,3264,,,,,,,,,
6351,1034,5574,1338,5370,5121,2366,1883,,1728,2766,2642,4308,3130,,,,,,,,,
7304,1058,6510,1363,6307,6057,2874,1940,,23185,3270,3146,5476,3646,,,,,,,,,
7928,1222,7156,1519,6963,6715,2809,2191,,2017,3278,3154,5904,3668,,,,,,,,,
6068,1057,5312,1361,5107,4873,2452,1940,,1765,2848,2724,4290,3200,,,,,,,,,
6569,1134,5840,1567,5645,5408,3027,2296,,2141,3417,3293,4841,3797,,,,,,,,,
7418,1034,6640,1328,6443,6219,3099,2397,,2222,3705,3581,5409,4060,,,,,,,,,
7237,1088,6443,1381,6236,6014,3126,2321,,1958,3518,3394,5354,3902,,,,,,,,,
6144,1058,5397,1350,5194,4960,2435,1905,,1751,2823,2699,4194,3207,,,,,,,,,
6177,1024,5446,1320,5247,5021,2370,1891,,61854,2758,2634,4428,3116,,,,,,,,,
6591,1046,5744,1348,5543,5303,2569,1942,,34502,2994,2864,4405,3414,,,,,,,,,
7755,1495,6987,1805,6784,6561,3042,2435,,2254,3491,3363,5787,3938,,,,,,,,,
7406,1123,6638,1418,6431,6185,2907,2112,,29636,3337,3195,5360,3768,,,,,,,,,
6683,1093,5919,1412,5716,5493,2732,2036,,1832,3145,3015,4741,3587,,,,,,,,,
6620,1054,5873,1371,5678,5387,2748,2127,,1950,3169,3043,4757,3530,,,,,,,,,
7779,1101,6778,1405,6518,6294,2815,2165,,1939,3327,3203,5380,3692,,,,,,,,,
6779,1126,5948,1445,5741,5481,2812,2111,,56922,3212,3086,4798,3697,,,,,,,,,
6124,1036,5375,1329,5182,4946,2492,1948,,1794,2882,2757,4294,3277,,,,,,,,,
6807,1079,6033,1376,5828,5578,2523,2091,,1922,3084,2960,4975,3498,,,,,,,,,
6549,1073,5726,1367,5531,5281,2618,2003,,1814,3013,2887,4499,3370,,,,,,,,,
6866,1099,6108,1402,5588,5357,2657,2011,,1847,3092,2938,4691,3590,,,,,,,,,
7519,1103,6475,1397,6280,6020,2937,2092,,1870,3365,3217,5293,4078,,,,,,,,,
7546,1040,6772,1461,6539,6281,2895,2038,,62268,3323,3199,5550,3693,,,,,,,,,
6886,1316,6120,1615,5923,5665,2848,2256,,2072,3252,3124,4960,3621,,,,,,,,,
7437,1073,6193,1369,5992,5741,2649,1962,,58135,3047,2917,5042,3506,,,,,,,,,
7357,1359,6510,1653,6299,6036,2884,2277,,18086,3361,3237,5281,3766,,,,,,,,,
7045,1063,6182,1369,5958,5712,2674,1965,,48671,3076,2950,5007,3474,,,,,,,,,
6043,1012,5300,1314,5105,4881,2377,1873,,51766,2777,2651,4300,3132,,,,,,,,,
6388,1060,5647,1367,5445,5210,2504,1925,,53245,2892,2768,4334,3242,,,,,,,,,
6191,1031,5447,1336,5252,5029,2431,1925,,2799,2831,2705,4407,3219,,,,,,,,,
6364,1034,5598,1326,5395,5159,2364,1885,,1730,2760,2636,4391,3116,,,,,,,,,
6004,1099,5269,1393,5066,4826,2439,1934,,1779,2827,2704,4211,3217,,,,,,,,,
6419,1028,5671,1334,5476,5239,2427,1926,,32234,2817,2693,4430,3205,,,,,,,,,
6029,1030,5226,1322,5031,4808,2425,1909,,55764,2817,2691,4219,3171,,,,,,,,,
6257,1028,5375,1321,5172,4948,2371,1861,,46229,2761,2635,4286,3151,,,,,,,,,
6526,1030,5781,1322,5586,5338,2214,1879,,48870,3065,2941,4737,3567,,,,,,,,,
6292,1060,5565,1352,5362,5126,2638,1907,,1753,3026,2902,4513,3380,,,,,,,,,
6595,1032,5850,1324,5645,5409,2421,1915,,22141,2821,2697,4406,3213,,,,,,,,,
6202,1032,5469,1331,5265,5028,2367,1871,,1715,2757,2633,4431,3116,,,,,,,,,
6406,1103,5413,1397,5206,4968,2480,1960,,34643,2870,2746,4351,3266,,,,,,,,,
6799,1215,6063,1525,5858,5600,2537,2090,,16831,2929,2805,4790,3311,,,,,,,,,
6049,1056,5285,1349,5082,4832,2454,1952,,49475,2852,2728,4217,3205,,,,,,,,,
6131,1058,5383,1365,5178,4944,2476,1970,,1814,2866,2742,4359,3222,,,,,,,,,
5870,1030,5105,1333,4910,4688,2216,1879,,3008,2724,2600,4113,3112,,,,,,,,,
6393,1057,5590,1349,5387,5150,2584,2072,,1918,2976,2852,4301,3326,,,,,,,,,
6482,1014,5336,1306,5141,4905,2507,1926,,44909,2911,2787,4329,3299,,,,,,,,,
6251,1012,5501,1305,5298,5062,2192,1859,,28976,2720,2596,4305,3078,,,,,,,,,
6023,1095,5287,1387,5068,4832,2444,1956,,1779,2844,2720,4245,3238,,,,,,,,,
6526,1030,5777,1322,5584,5348,2706,1980,,36755,3104,2980,4511,3492,,,,,,,,,
6563,1038,5610,1328,5407,5172,2405,1887,,1729,2925,2799,4410,3325,,,,,,,,,
7077,1068,6287,1365,6088,5866,2352,1985,,1777,2947,2823,5283,3329,,,,,,,,,
6248,1030,5462,1322,5267,5027,2425,1891,,1735,2831,2706,4406,3215,,,,,,,,,
6232,1085,5357,1377,5162,4924,2555,1999,,58384,2943,2819,4331,3301,,,,,,,,,
6303,1032,5452,1324,5259,5021,2315,1948,,55467,2864,2740,4408,3254,,,,,,,,,
5982,1034,5255,1327,5056,4830,2454,1926,,51998,2858,2732,4229,3210,,,,,,,,,
6277,1101,5478,1393,5275,5040,2622,2119,,1964,3010,2886,4426,3378,,,,,,,,,
8062,1566,7270,1877,7075,6811,3179,2512,,2334,3579,3455,6081,3983,,,,,,,,,
6510,1036,5720,1340,5517,5273,2376,1879,,1724,2776,2653,4629,3132,,,,,,,,,
6370,1058,5535,1365,5267,5033,2576,2027,,52026,2976,2848,4434,3343,,,,,,,,,
6973,1062,6146,1367,5941,5708,2504,1938,,51248,3016,2783,5102,3398,,,,,,,,,
6703,1107,5722,1413,5527,5275,2498,1978,,1822,2892,2766,4519,3246,,,,,,,,,
6915,1059,6116,1365,5921,5698,2584,1958,,32992,2978,2854,5062,3336,,,,,,,,,
6746,1073,5865,1380,5670,5446,2539,1952,,50272,2935,2810,4859,3323,,,,,,,,,
8704,1595,7867,1904,7664,7408,3478,2856,,61066,3951,3827,6529,4339,,,,,,,,,
6847,1253,5923,1544,5695,5476,2529,2173,,59842,3022,2896,4887,3380,,,,,,,,,
5995,1030,5243,1321,5040,4812,2422,1926,,52979,2812,2688,4177,3167,,,,,,,,,
6208,1060,5448,1353,5253,5021,2576,2013,,1828,2988,2848,4351,3352,,,,,,,,,
6384,1052,5639,1347,5448,5212,2787,2192,,2037,3177,3053,4597,3524,,,,,,,,,
6571,1078,5791,1371,5592,5342,2862,1980,,1791,3256,3132,4647,3635,,,,,,,,,
6607,1029,5878,1360,5616,5392,3030,2124,,1952,3426,3302,4779,3780,,,,,,,,,
6108,1032,5375,1325,5180,4957,2336,1873,,50940,2728,2604,4386,3131,,,,,,,,,
7034,1270,6297,1578,6061,5803,2710,2198,,2023,3102,2978,5097,3484,,,,,,,,,
6726,1042,5871,1351,5676,5424,2409,1914,,50784,2809,2684,4670,3191,,,,,,,,,
6124,1013,5378,1306,5183,4948,2461,1943,,50509,2851,2727,4375,3205,,,,,,,,,
6349,1042,5474,1349,5271,5047,2464,1954,,27493,2852,2728,4290,3207,,,,,,,,,
6469,1066,5655,1361,5427,5176,2509,2145,,1775,3027,2903,4517,3386,,,,,,,,,
7085,1061,6299,1361,6076,5826,3035,2107,,1934,3427,3303,5215,3819,,,,,,,,,
6475,1056,5728,1359,5533,5297,2756,2049,,57689,3148,3026,4692,3540,,,,,,,,,
6937,1030,5767,1335,5572,5336,2738,1926,,34873,3142,3018,4777,3494,,,,,,,,,
6539,1201,5804,1504,5564,5312,2649,2147,,15889,3041,2917,4733,3391,,,,,,,,,
7094,1059,6338,1363,5905,5664,2627,1930,,1753,3021,2897,4682,3374,,,,,,,,,
6441,1011,5685,1596,5480,5244,2920,2136,,1982,3308,3185,4667,3658,,,,,,,,,
6104,1040,5261,1333,5058,4822,2421,1916,,1741,2815,2691,4205,3167,,,,,,,,,
6984,1012,6242,1304,6035,5481,3065,2090,,1934,3453,3329,4867,3817,,,,,,,,,
6518,1040,5669,1448,5466,5230,2734,2238,,2065,3124,3000,4659,3477,,,,,,,,,
6112,1038,5181,1332,4976,4743,2397,1893,,1718,2793,2669,4160,3160,,,,,,,,,
6085,1009,5275,1302,5072,4836,2484,2023,,1868,2874,2750,4263,3229,,,,,,,,,
7317,1235,6521,1542,6287,6033,2990,2109,,1932,3384,3260,5227,3766,,,,,,,,,
8304,1014,7510,1318,7308,7085,3110,2072,,1897,3502,3378,6466,3896,,,,,,,,,
6206,1012,5357,1318,5162,4928,2460,1940,,1784,2850,2726,4306,3203,,,,,,,,,
6427,1042,5661,1344,5340,5104,2707,2086,,1909,3104,2980,4531,3485,,,,,,,,,
5944,975,5200,1266,5017,4790,2420,1956,,1806,2797,2680,4238,3145,,,,,,,,,
6210,1000,5499,1290,5302,5087,2346,1829,,1662,2722,2604,4494,3064,,,,,,,,,
6212,979,5485,1272,5288,5060,2163,1814,,1646,2661,2539,4459,3029,,,,,,,,,
6362,971,5653,1268,5462,5237,2844,1831,,1668,3234,3114,4630,3606,,,,,,,,,
6342,1070,5600,1351,5405,5176,2370,1873,,1723,2760,2637,4550,3110,,,,,,,,,
6446,994,5708,1276,5519,5294,2202,1818,,1648,2706,2586,4668,3094,,,,,,,,,
6453,977,5740,1259,5545,5320,2474,2023,,1854,3103,2982,4726,3451,,,,,,,,,
6071,1001,5362,1283,5175,4946,2370,1852,,1704,2748,2630,4105,3091,,,,,,,,,
6079,973,5062,1253,4867,4643,2251,1787,,1639,2630,2509,4091,2974,,,,,,,,,
5958,998,5083,1278,4888,4662,2298,1814,,1648,2680,2562,4063,3023,,,,,,,,,
5909,971,5038,1252,4843,4630,2275,1792,,1623,2651,2531,4051,3019,,,,,,,,,
6196,979,5489,1258,5292,5066,2724,1778,,1627,3106,2986,4477,3472,,,,,,,,,
6445,1165,5732,1462,5522,5277,2510,2017,,1850,2886,2766,4684,3254,,,,,,,,,
6171,1014,5395,1310,5206,4967,2434,1865,,1698,2813,2692,4258,3179,,,,,,,,,
5710,973,4985,1262,4798,4574,2117,1796,,1647,2614,2495,4018,2956,,,,,,,,,
6411,1016,5428,1312,5233,5009,2572,1863,,1696,2948,2830,4418,3291,,,,,,,,,
5668,979,4963,1270,4776,4546,2125,1804,,1654,2615,2497,3990,2960,,,,,,,,,
6205,1017,5462,1310,5267,5053,2532,2041,,1874,2908,2790,4243,3252,,,,,,,,,
5903,1002,5117,1296,4930,4705,2346,1855,,1686,2728,2610,4107,3092,,,,,,,,,
6031,973,5320,1257,5135,4907,2238,1777,,1627,2620,2500,4137,2961,,,,,,,,,
5828,1018,5070,1298,4875,4649,2202,1852,,1684,2697,2577,4050,3037,,,,,,,,,
5752,1016,5025,1298,4832,4605,2175,1838,,1668,2669,2551,4008,3033,,,,,,,,,
5706,987,4997,1267,4802,4578,2248,1785,,1637,2626,2510,4022,2969,,,,,,,,,
6016,1015,5240,1296,5055,4828,2193,1848,,1680,2687,2567,4233,3055,,,,,,,,,
5736,989,4993,1271,4806,4592,2198,1875,,1724,2691,2571,4036,3038,,,,,,,,,
6144,1015,5185,1298,4990,4763,2335,1850,,1683,2709,2589,4166,3055,,,,,,,,,
6132,1016,5338,1298,5143,4914,2173,1832,,1684,2665,2543,4063,3035,,,,,,,,,
5823,997,5108,1279,4923,4710,2273,1818,,1671,2659,2539,4152,3008,,,,,,,,,
6902,1219,6151,1513,5860,5631,2578,2066,,1899,2958,2836,4776,3331,,,,,,,,,
6640,1044,5667,1337,5475,5237,2641,2115,,1946,3110,2988,4660,3480,,,,,,,,,
6189,973,5460,1367,5265,5041,2573,2110,,1751,2951,2829,4286,3295,,,,,,,,,
5997,1020,5253,1302,5058,4843,2487,2007,,1837,2867,2747,4266,3214,,,,,,,,,
6603,975,5431,1259,5244,5031,2484,2023,,1875,2860,2740,4284,3203,,,,,,,,,
5917,1022,5095,1302,4900,4688,2170,1822,,1674,2647,2527,4085,3019,,,,,,,,,
6025,1018,5298,1300,5102,4887,2165,1826,,1676,2665,2547,4046,3033,,,,,,,,,
5846,973,5124,1271,4925,4698,2246,1805,,1657,2624,2504,4143,2967,,,,,,,,,
7074,1212,6333,1495,6138,5880,2679,2122,,1917,3130,3012,5303,3499,,,,,,,,,
6122,1016,5222,1298,5027,4788,2308,1836,,1670,2689,2570,4201,3061,,,,,,,,,
5751,987,5042,1268,4847,4619,2107,1788,,1641,2600,2484,4063,2946,,,,,,,,,
6770,1182,6051,1528,5854,5602,2919,2236,,2070,3311,3191,4989,3687,,,,,,,,,
5846,989,5099,1270,4904,4668,2300,1979,,1830,2793,2675,4116,3136,,,,,,,,,
5978,1019,5267,1298,5080,4857,2336,1850,,1682,2714,2592,4034,3057,,,,,,,,,
5892,991,5133,1273,4944,4722,2340,1996,,1828,2833,2711,4162,3176,,,,,,,,,
5748,989,5044,1272,4859,4635,2127,1808,,1660,2622,2505,4075,2964,,,,,,,,,
6481,1182,5709,1478,5514,5301,2502,2031,,1862,2882,2762,4704,3250,,,,,,,,,
6134,1017,5287,1314,5092,4862,2346,1852,,1684,2732,2612,4263,3089,,,,,,,,,
5866,993,5105,1282,4918,4690,2322,1818,,1668,2818,2696,4136,3159,,,,,,,,,
5888,1017,5100,1312,4913,4684,2352,1866,,1698,2736,2616,4088,3107,,,,,,,,,
5739,975,4999,1266,4814,4587,2245,1786,,1638,2631,2511,4034,2970,,,,,,,,,
6596,1016,5700,1308,5503,5277,2350,1863,,1692,2736,2615,4504,3074,,,,,,,,,
5943,1019,5187,1310,4994,4765,2403,1850,,1683,2789,2667,4168,3160,,,,,,,,,
5905,973,5166,1263,4977,4753,2241,1783,,1633,2622,2503,4199,2968,,,,,,,,,
5885,1044,5094,1335,4899,4688,2352,1873,,1706,2736,2614,4107,3077,,,,,,,,,
5838,1014,5131,1412,4946,4719,2411,1950,,1781,2795,2677,4125,3161,,,,,,,,,
5704,989,4979,1272,4792,4566,2247,1790,,1639,2628,2509,3973,3000,,,,,,,,,
5843,1017,5003,1298,4808,4584,2338,1854,,1686,2713,2593,4026,3053,,,,,,,,,
5779,990,5003,1270,4818,4591,2265,1806,,1656,2641,2521,3998,3009,,,,,,,,,
5807,1018,5044,1302,4847,4621,2344,1855,,1686,2722,2602,4063,3067,,,,,,,,,
5899,1018,5038,1300,4840,4615,2340,1855,,1686,2716,2596,4058,3081,,,,,,,,,
5837,991,5078,1275,4891,4663,2254,1791,,1643,2632,2510,4113,2998,,,,,,,,,
6268,1015,5247,1296,5052,4828,2539,1850,,1680,2915,2797,4276,3256,,,,,,,,,
6502,1188,5665,1483,5470,5225,2525,2036,,1867,2903,2785,4631,3271,,,,,,,,,
5797,989,4954,1280,4759,4519,2119,1798,,1651,2610,2488,3965,2949,,,,,,,,,
5819,1014,5082,1310,4885,4643,2307,1828,,1678,2683,2567,4052,3051,,,,,,,,,
6252,971,5432,1261,5237,4999,2113,1796,,1649,2608,2486,3922,2949,,,,,,,,,
5924,1016,5095,1309,4900,4664,2320,1839,,1690,2694,2576,4069,3064,,,,,,,,,
6102,1016,5352,1312,5129,4895,2171,1832,,1682,2663,2545,4073,3031,,,,,,,,,
5627,991,4903,1282,4717,4479,2141,1818,,1668,2634,2513,3947,2974,,,,,,,,,
6192,1057,5454,1349,5267,5028,2365,1867,,1717,2749,2623,4410,3096,,,,,,,,,
5872,1017,5149,1308,4952,4718,2328,1844,,1694,2713,2590,4097,3083,,,,,,,,,
5819,993,4987,1274,4792,4556,2273,1808,,1661,2651,2531,3997,2996,,,,,,,,,
5844,1016,5105,1300,4885,4660,2318,1834,,1684,2694,2574,4040,3037,,,,,,,,,
5689,991,4972,1273,4775,4538,2254,1791,,1643,2632,2512,3985,2980,,,,,,,,,
5890,1017,5147,1298,4923,4684,2315,1830,,1681,2691,2573,4099,3034,,,,,,,,,
5997,1016,5241,1298,5014,4778,2491,2013,,1863,2867,2749,4199,3218,,,,,,,,,
5718,971,4881,1253,4686,4448,2084,1771,,1621,2576,2456,3896,2917,,,,,,,,,
5996,1052,5129,1334,4903,4682,2350,1865,,1718,2736,2616,4097,3077,,,,,,,,,
6135,1016,5414,1296,5190,4952,2647,1816,,1666,3023,2905,4367,3390,,,,,,,,,
6368,1166,5635,1448,5440,5216,2488,2001,,1832,2868,2746,4623,3232,,,,,,,,,
5877,1016,5123,1314,4898,4660,2318,1834,,1684,2702,2584,4081,3045,,,,,,,,,
5801,991,4974,1285,4779,4564,2128,1805,,1657,2620,2500,3973,2961,,,,,,,,,
5787,1017,5027,1308,4830,4604,2309,1828,,1681,2687,2567,4009,3030,,,,,,,,,
5943,1017,5094,1312,4897,4669,2175,1832,,1683,2669,2549,4080,3040,,,,,,,,,
7475,992,6726,1274,6529,6305,2263,1810,,1660,2643,2523,5562,2988,,,,,,,,,
5933,1017,5088,1296,4893,4669,2319,1830,,1683,2703,2581,4074,3048,,,,,,,,,
5823,1018,5050,1296,4863,4637,2167,1832,,1682,2661,2543,4056,3031,,,,,,,,,
6112,995,5027,1275,4832,4607,2120,1807,,1661,2612,2494,4013,2982,,,,,,,,,
5779,1012,5021,1294,4824,4599,2149,1812,,1662,2639,2519,4002,2980,,,,,,,,,
5653,990,4947,1274,4750,4524,2233,1792,,1642,2611,2491,3970,2958,,,,,,,,,
5793,1018,5054,1300,4859,4632,2310,1833,,1682,2694,2576,4036,3035,,,,,,,,,
6271,1016,5499,1298,5304,5080,2297,1818,,1668,2673,2553,4024,3043,,,,,,,,,
5660,988,4945,1272,4750,4524,2265,1804,,1656,2639,2521,3970,2980,,,,,,,,,
5992,991,5027,1273,4830,4615,2269,1795,,1645,2648,2527,4020,3020,,,,,,,,,
5844,991,5108,1271,4919,4696,2145,1810,,1657,2748,2630,4091,3116,,,,,,,,,
6431,1188,5683,1471,5484,5245,2505,2062,,1895,2882,2765,4643,3254,,,,,,,,,
5804,990,5028,1288,4833,4619,2298,1812,,1664,2684,2564,4016,3027,,,,,,,,,
5986,994,5227,1288,5032,4804,2452,2131,,1981,2927,2808,4260,3271,,,,,,,,,
5811,993,4950,1285,4755,4540,2291,1810,,1659,2667,2547,3985,3012,,,,,,,,,
5755,989,4983,1284,4788,4564,2304,1820,,1670,2681,2559,4010,3021,,,,,,,,,
5951,989,5104,1285,4909,4694,2132,1816,,1667,2624,2504,3961,2967,,,,,,,,,
5769,1024,4993,1308,4798,4573,2298,1838,,1690,2679,2560,4018,3025,,,,,,,,,
5767,988,4950,1268,4757,4542,2281,1804,,1654,2657,2535,3973,2998,,,,,,,,,
6626,1192,5874,1472,5679,5425,2535,2061,,1891,2955,2833,4828,3331,,,,,,,,,
5905,1016,5003,1296,4810,4583,2320,1839,,1670,2694,2574,4030,3037,,,,,,,,,
5913,989,5161,1273,4974,4757,2267,1802,,1657,2647,2523,4190,2992,,,,,,,,,
6208,1014,5438,1296,5243,5019,2551,2044,,1680,2933,2817,4282,3283,,,,,,,,,
5751,991,5007,1270,4814,4587,2306,1822,,1654,2692,2572,4038,3061,,,,,,,,,
6372,1007,5586,1287,5391,5167,2673,2139,,1992,3053,2935,4397,3400,,,,,,,,,
5777,1051,5003,1331,4808,4597,2342,1849,,1699,2724,2607,4041,3068,,,,,,,,,
6531,990,5759,1272,5572,5345,2290,1804,,1656,2668,2546,4189,3037,,,,,,,,,
5845,993,5070,1277,4871,4643,2279,1818,,1669,2667,2547,4093,3081,,,,,,,,,
6730,1189,5978,1530,5765,5517,2584,2088,,1918,2970,2850,4739,3334,,,,,,,,,
5763,992,5032,1286,4837,4599,2131,1812,,1662,2625,2505,4049,2966,,,,,,,,,
5892,1003,5171,1294,4978,4763,2332,1848,,1678,2711,2588,4018,3049,,,,,,,,,
6208,1018,5397,1311,5209,4983,2570,2080,,1910,2954,2836,4386,3297,,,,,,,,,
5791,979,4963,1272,4766,4554,2121,1808,,1658,2614,2495,3959,2954,,,,,,,,,
6092,1020,5334,1316,5135,4910,2322,1859,,1688,2698,2578,4038,3043,,,,,,,,,
5836,1020,5076,1319,4879,4654,2214,1875,,1707,2706,2588,4057,3078,,,,,,,,,
5962,989,5257,1282,5062,4847,2277,1816,,1668,2655,2535,4006,2994,,,,,,,,,
5889,1018,5044,1298,4849,4625,2184,1851,,1684,2677,2558,4059,3061,,,,,,,,,
6051,989,5224,1266,5029,4800,2261,1802,,1652,2639,2519,3943,2980,,,,,,,,,
5734,989,4977,1270,4782,4566,2297,1822,,1655,2679,2563,4008,3020,,,,,,,,,
5710,993,4958,1272,4763,4536,2143,1812,,1644,2635,2517,3981,3002,,,,,,,,,
5744,993,4914,1272,4717,4505,2123,1808,,1658,2616,2496,3951,2958,,,,,,,,,
6158,1054,5080,1336,4885,4659,2366,1889,,1722,2742,2622,4062,3085,,,,,,,,,
5767,988,5036,1272,4839,4615,2154,1818,,1650,2647,2529,4020,3017,,,,,,,,,
5708,991,4968,1275,4771,4544,2127,1808,,1661,2622,2500,3993,2965,,,,,,,,,
18094,991,17280,12784,17050,16804,14042,13440,,13247,14422,14304,16209,14801,,,,,,,,,
5772,1005,5013,1287,4816,4578,2315,1805,,1657,2697,2577,4024,3038,,,,,,,,,
5795,1021,4970,1300,4775,4546,2311,1834,,1684,2689,2571,3995,3030,,,,,,,,,
5759,1016,5005,1298,4806,4581,2314,1835,,1686,2688,2570,4026,3033,,,,,,,,,
5680,987,4938,1268,4741,4514,2117,1804,,1654,2608,2491,3959,2948,,,,,,,,,
6100,1014,5273,1296,5080,4853,2275,1814,,1664,2651,2531,4002,2994,,,,,,,,,
5732,1012,4979,1294,4784,4560,2287,1812,,1662,2663,2543,4008,3000,,,,,,,,,
5771,985,4936,1268,4749,4536,2255,1802,,1652,2629,2511,3981,2970,,,,,,,,,
5738,1015,4996,1298,4801,4572,2313,1832,,1684,2691,2573,4021,3034,,,,,,,,,
5657,991,4935,1275,4740,4513,2262,1811,,1661,2640,2520,3962,2983,,,,,,,,,
5726,1017,5021,1300,4824,4598,2305,1820,,1671,2691,2571,4046,3038,,,,,,,,,
5777,1020,5035,1300,4838,4615,2320,1836,,1686,2699,2580,4058,3045,,,,,,,,,
5783,989,4950,1270,4755,4526,2253,1792,,1641,2628,2509,3975,2970,,,,,,,,,
5840,1016,5011,1298,4814,4589,2303,1818,,1668,2679,2561,4032,3024,,,,,,,,,
5755,1014,4985,1296,4798,4569,2174,1828,,1680,2665,2548,4014,3007,,,,,,,,,
5773,987,4934,1266,4739,4510,2119,1800,,1650,2612,2489,3959,2950,,,,,,,,,
6281,1012,5527,1294,5330,5103,2817,1828,,1678,3193,3075,4546,3539,,,,,,,,,
6512,1164,5673,1446,5478,5251,2516,1999,,1830,2892,2772,4659,3258,,,,,,,,,
5758,1017,5037,1310,4840,4629,2334,1848,,1678,2754,2634,4077,3095,,,,,,,,,
5850,987,5011,1282,4824,4597,2303,1820,,1651,2687,2570,4044,3059,,,,,,,,,
6003,988,5241,1282,5046,4819,2275,1816,,1668,2659,2540,4045,3027,,,,,,,,,
6031,1016,5048,1298,4838,4613,2308,1836,,1668,2687,2566,4061,3055,,,,,,,,,
6354,1182,5521,1464,5326,5078,2539,2049,,1883,2923,2803,4296,3293,,,,,,,,,
5862,989,4909,1273,4714,4487,2126,1807,,1657,2616,2496,3932,2961,,,,,,,,,
5871,1018,5026,1298,4831,4603,2184,1839,,1670,2677,2558,4008,3019,,,,,,,,,
5604,992,4894,1274,4699,4485,2115,1794,,1644,2610,2489,3931,2952,,,,,,,,,
5668,988,4961,1270,4766,4542,2294,1810,,1640,2672,2550,3984,3015,,,,,,,,,
5753,989,5027,1272,4834,4605,2316,1828,,1660,2700,2580,4044,3069,,,,,,,,,
5671,991,4926,1271,4729,4505,2253,1789,,1641,2630,2510,3943,2968,,,,,,,,,
5850,1045,5024,1327,4827,4603,2353,1865,,1695,2728,2609,4049,3076,,,,,,,,,
5783,985,5029,1269,4832,4604,2311,1822,,1655,2685,2567,4009,3034,,,,,,,,,
5794,988,4928,1270,4733,4506,2109,1790,,1640,2600,2481,3913,2942,,,,,,,,,
5823,1017,4980,1298,4783,4570,2323,1836,,1667,2703,2583,4019,3044,,,,,,,,,
5795,992,4892,1272,4697,4483,2107,1792,,1642,2596,2478,3921,2940,,,,,,,,,
6437,1182,5687,1480,5464,5218,2520,2031,,1862,2900,2780,4623,3268,,,,,,,,,
5877,1018,5052,1313,4829,4591,2188,1845,,1696,2680,2560,4040,3049,,,,,,,,,
5691,991,4946,1283,4749,4523,2122,1803,,1653,2614,2496,3969,2957,,,,,,,,,
5948,1016,5103,1312,4908,4680,2316,1830,,1682,2693,2574,4101,3061,,,,,,,,,
5872,993,5029,1291,4834,4609,2295,1814,,1663,2679,2559,4056,3047,,,,,,,,,
6072,991,5314,1282,5119,4893,2273,1818,,1668,2655,2537,4036,3025,,,,,,,,,
5867,1018,5022,1316,4824,4599,2314,1834,,1686,2692,2572,4047,3035,,,,,,,,,
6967,1182,6214,1511,6019,5779,2625,2139,,1970,3051,2933,5221,3423,,,,,,,,,
5792,1002,5052,1284,4829,4591,2324,1835,,1668,2698,2578,4039,3037,,,,,,,,,
5827,1003,4984,1285,4797,4568,2163,1840,,1673,2656,2537,4009,3026,,,,,,,,,
5919,1001,4911,1282,4714,4489,2123,1802,,1651,2620,2500,3936,2963,,,,,,,,,
5860,1046,5031,1328,4836,4609,2183,1860,,1712,2673,2553,4026,3016,,,,,,,,,
5623,971,4853,1251,4658,4445,2088,1771,,1621,2566,2448,3890,2923,,,,,,,,,
5755,997,4918,1280,4725,4511,2261,1818,,1651,2637,2517,3957,2980,,,,,,,,,
5769,998,4926,1280,4737,4526,2306,1833,,1664,2682,2562,3973,3021,,,,,,,,,
6549,1164,5695,1446,5507,5267,2486,1999,,1832,2864,2746,4676,3232,,,,,,,,,
5819,1001,5064,1285,4869,4631,2315,1836,,1667,2699,2577,4080,3049,,,,,,,,,
5718,975,4952,1259,4757,4542,2253,1793,,1643,2626,2509,3991,2972,,,,,,,,,
5712,1005,4948,1287,4761,4537,2252,1807,,1657,2630,2508,3983,2980,,,,,,,,,
5911,991,5165,1272,4972,4745,2253,1792,,1643,2632,2511,3965,2976,,,,,,,,,
5753,986,4932,1268,4737,4510,2105,1786,,1636,2598,2475,3957,2946,,,,,,,,,
5676,987,4922,1268,4735,4522,2253,1800,,1652,2637,2519,3969,2990,,,,,,,,,
5889,1014,5007,1296,4824,4595,2267,1814,,1664,2643,2523,4042,2984,,,,,,,,,
5842,1017,4997,1298,4808,4582,2277,1818,,1671,2655,2533,4028,3022,,,,,,,,,
5724,991,4984,1273,4799,4570,2268,1805,,1657,2646,2526,4021,2986,,,,,,,,,
5670,990,4928,1274,4741,4516,2269,1806,,1658,2643,2525,3961,2984,,,,,,,,,
5795,999,4964,1280,4775,4550,2275,1816,,1666,2649,2531,3993,2992,,,,,,,,,
5695,989,4954,1269,4767,4542,2295,1801,,1655,2669,2549,3987,3010,,,,,,,,,
5616,971,4860,1253,4674,4450,2088,1771,,1621,2581,2460,3898,2929,,,,,,,,,
17869,999,5005,1290,4810,4586,2303,1822,,1673,2679,2559,4003,3020,,,,,,,,,
5798,967,4946,1262,4758,4536,2263,1778,,1629,2639,2521,3982,3007,,,,,,,,,
5733,990,4910,1284,4715,4489,2113,1802,,1652,2606,2487,3939,2974,,,,,,,,,
6697,1184,5860,1478,5663,5423,2516,2031,,1862,2896,2778,4832,3262,,,,,,,,,
5864,1014,5015,1306,4828,4591,2167,1824,,1674,2669,2551,4038,3037,,,,,,,,,
5866,991,4988,1283,4793,4568,2281,1816,,1669,2657,2539,4013,3004,,,,,,,,,
5890,1017,5031,1312,4844,4617,2315,1830,,1681,2691,2573,4064,3059,,,,,,,,,
5816,988,4963,1282,4766,4540,2282,1818,,1668,2661,2542,3984,3003,,,,,,,,,
5915,1018,5082,1310,4885,4656,2332,1849,,1700,2710,2590,4028,3051,,,,,,,,,
5834,994,4997,1286,4800,4571,2289,1808,,1658,2663,2547,4012,3033,,,,,,,,,
5749,988,4928,1282,4731,4504,2245,1802,,1652,2621,2503,3945,2966,,,,,,,,,
5767,1014,4934,1304,4739,4512,2167,1826,,1676,2659,2537,3959,3000,,,,,,,,,
5876,989,5009,1281,4822,4596,2299,1816,,1667,2673,2555,4044,3042,,,,,,,,,
5834,987,4962,1268,4767,4540,2247,1788,,1637,2631,2511,3987,2996,,,,,,,,,
6358,1182,5363,1465,5168,4877,2529,2058,,1889,2911,2791,4278,3279,,,,,,,,,
5837,987,5007,1269,4812,4578,2250,1787,,1637,2665,2545,3985,3006,,,,,,,,,
5830,1014,4999,1296,4804,4564,2293,1814,,1664,2677,2555,3973,3016,,,,,,,,,
5832,988,4975,1272,4758,4520,2273,1790,,1640,2649,2529,3967,2992,,,,,,,,,
5804,990,4961,1272,4766,4530,2257,1792,,1642,2631,2513,3974,2972,,,,,,,,,
6347,989,5498,1271,5301,5065,2295,1803,,1657,2792,2669,4105,3132,,,,,,,,,
6422,1184,5583,1511,5388,5139,2555,2063,,1895,2939,2821,4544,3304,,,,,,,,,
6167,993,5295,1286,5098,4861,2279,1818,,1671,2657,2539,3989,3004,,,,,,,,,
5850,1018,4999,1314,4802,4577,2316,1836,,1684,2692,2574,4028,3035,,,,,,,,,
6118,990,4916,1282,4719,4495,2249,1806,,1656,2627,2507,3939,2968,,,,,,,,,
5933,1003,5054,1296,4857,4633,2303,1816,,1668,2681,2561,4038,3024,,,,,,,,,
5864,991,5005,1283,4808,4584,2143,1803,,1655,2636,2520,3985,2980,,,,,,,,,
6153,988,4938,1282,4743,4518,2121,1802,,1652,2611,2493,3927,2954,,,,,,,,,
5884,1014,5044,1306,4847,4623,2309,1830,,1680,2687,2565,4030,3027,,,,,,,,,
5815,987,4954,1279,4767,4541,2319,1811,,1663,2695,2577,3987,3034,,,,,,,,,
5800,990,4950,1270,4755,4530,2249,1788,,1640,2623,2505,3971,2966,,,,,,,,,
5790,1014,4943,1298,4754,4528,2300,1814,,1666,2676,2556,3974,3015,,,,,,,,,
5740,991,4879,1273,4684,4471,2110,1793,,1643,2604,2486,3920,2949,,,,,,,,,
5873,1002,5021,1286,4831,4607,2318,1806,,1656,2694,2574,4053,3039,,,,,,,,,
5836,1020,4985,1302,4788,4562,2308,1824,,1674,2688,2566,4008,3031,,,,,,,,,
5748,975,4915,1259,4718,4493,2098,1779,,1629,2590,2472,3942,2935,,,,,,,,,
5797,1020,4950,1300,4753,4530,2303,1820,,1672,2677,2557,3973,3024,,,,,,,,,
5854,1018,4995,1298,4798,4583,2300,1818,,1670,2675,2556,4030,3019,,,,,,,,,
6410,1153,5565,1466,5376,5135,2500,2013,,1844,2880,2760,4543,3246,,,,,,,,,
6237,1031,5397,1324,5202,4986,2364,1878,,1712,2744,2622,4072,3087,,,,,,,,,
5917,975,5050,1345,4865,4638,2204,1885,,1733,2696,2578,4038,3041,,,,,,,,,
6285,1015,5454,1308,5259,5035,2318,1842,,1694,2697,2576,4404,3037,,,,,,,,,
6486,993,5369,1284,5184,4958,2620,1828,,1680,3004,2885,4359,3350,,,,,,,,,
5750,973,4895,1251,4700,4489,2086,1773,,1623,2561,2444,3906,2903,,,,,,,,,
5777,1000,4959,1282,4764,4538,2150,1814,,1666,2627,2509,3982,2974,,,,,,,,,
7651,1182,6823,1464,6627,6343,2632,2098,,1927,3055,2935,5782,3428,,,,,,,,,
5954,973,5111,1253,4926,4686,2111,1790,,1641,2604,2486,4128,2945,,,,,,,,,
5900,1050,5031,1332,4836,4608,2354,1868,,1700,2730,2610,4056,3073,,,,,,,,,
5888,970,5074,1363,4879,4653,2344,1880,,1732,2728,2608,4060,3071,,,,,,,,,
6329,997,5515,1278,5318,5094,2279,1796,,1647,2653,2535,4201,2996,,,,,,,,,
5870,973,4952,1255,4767,4540,2256,1773,,1623,2632,2512,3944,2978,,,,,,,,,
5942,971,5111,1252,4924,4697,2103,1786,,1636,2601,2481,4112,2944,,,,,,,,,
5962,1001,5029,1280,4834,4621,2299,1814,,1665,2675,2557,4024,3024,,,,,,,,,
5781,975,4983,1254,4796,4569,2135,1790,,1640,2629,2511,3971,2976,,,,,,,,,
6587,1182,5773,1466,5543,5308,2484,2011,,1842,2868,2750,4720,3232,,,,,,,,,
5811,1015,5049,1308,4854,4641,2317,1850,,1680,2699,2577,4054,3045,,,,,,,,,
6344,993,5346,1286,5159,4934,2127,1806,,1658,2604,2486,4150,2949,,,,,,,,,
5769,1000,4979,1292,4784,4557,2178,1829,,1678,2625,2505,3953,2972,,,,,,,,,
5718,1003,4987,1294,4798,4572,2171,1828,,1678,2667,2547,4012,3010,,,,,,,,,
5848,991,5021,1287,4826,4613,2136,1820,,1673,2632,2512,4015,2975,,,,,,,,,
5771,1016,5056,1300,4863,4634,2298,1818,,1668,2684,2564,4039,3027,,,,,,,,,
5836,1002,5009,1284,4812,4587,2298,1824,,1654,2678,2560,4028,3021,,,,,,,,,
5763,996,4914,1276,4727,4500,2113,1798,,1648,2611,2493,3937,2956,,,,,,,,,
5860,1054,5129,1341,4883,4658,2369,1879,,1729,2744,2625,4095,3092,,,,,,,,,
6445,987,5620,1267,5425,5198,2238,1787,,1639,2616,2496,4643,2955,,,,,,,,,
6276,1016,5358,1296,5163,4952,2293,1814,,1666,2669,2549,4174,3012,,,,,,,,,
5651,992,4928,1272,4733,4504,2129,1794,,1644,2627,2509,3953,2972,,,,,,,,,
5952,990,5182,1270,4995,4768,2123,1806,,1656,2617,2497,3963,2962,,,,,,,,,
6030,1017,5256,1298,5057,4832,2559,1830,,1683,2935,2817,4275,3282,,,,,,,,,
5785,991,5011,1275,4824,4611,2273,1795,,1645,2650,2531,4054,3024,,,,,,,,,
6862,1180,6136,1463,5948,5700,3094,2592,,2423,3475,3352,5090,3839,,,,,,,,,
10454,1015,9611,1308,9331,9108,3686,2723,,2555,7255,7133,8578,7596,,,,,,,,,
5970,1016,5192,1355,4977,4737,2448,1957,,1810,2826,2706,4183,3171,,,,,,,,,
5903,1014,5137,1308,4942,4705,2338,1851,,1702,2716,2596,4144,3059,,,,,,,,,
6474,1018,5706,1314,5174,4938,2330,1853,,1706,2708,2588,4101,3082,,,,,,,,,
6301,1016,5096,1310,4873,4637,2305,1844,,1694,2681,2561,4077,3051,,,,,,,,,
5884,1019,5057,1298,4867,4641,2187,1842,,1692,2681,2559,4085,3051,,,,,,,,,
5895,1020,5101,1304,4879,4640,2312,1845,,1698,2690,2568,4087,3063,,,,,,,,,
5813,1017,4987,1300,4792,4568,2141,1832,,1682,2638,2517,4014,3008,,,,,,,,,
5858,1018,5035,1298,4840,4601,2307,1828,,1678,2683,2563,4052,3051,,,,,,,,,
5746,973,4985,1253,4798,4578,2269,1783,,1635,2645,2523,4018,3016,,,,,,,,,
5874,1014,5046,1296,4851,4631,2305,1824,,1674,2681,2559,4071,3061,,,,,,,,,
5824,1014,5088,1296,4891,4656,2318,1840,,1690,2694,2574,4103,3073,,,,,,,,,
5774,999,5031,1281,4834,4600,2281,1824,,1677,2658,2537,4046,3036,,,,,,,,,
5799,1017,5057,1298,4862,4637,2321,1838,,1690,2697,2577,4078,3065,,,,,,,,,
5891,1016,5048,1300,4851,4615,2188,1840,,1692,2683,2559,4062,3053,,,,,,,,,
6292,1003,5451,1285,5254,5017,2510,1828,,1681,2888,2770,4279,3256,,,,,,,,,
6433,1170,5596,1465,5399,5153,2559,2043,,1873,2939,2817,4560,3309,,,,,,,,,
6145,1002,5430,1296,5243,5003,2328,1831,,1684,2734,2611,4173,3108,,,,,,,,,
5872,1019,5163,1312,4968,4740,2344,1854,,1704,2738,2610,4184,3085,,,,,,,,,
5934,998,5207,1288,5020,4808,2184,1835,,1684,2678,2556,4061,3062,,,,,,,,,
6189,1001,5480,1296,5291,5050,2547,1895,,1745,2925,2803,4487,3272,,,,,,,,,
5956,1004,5245,1300,5050,4825,2326,1837,,1688,2714,2592,4091,3063,,,,,,,,,
5836,999,5113,1296,4926,4716,2318,1836,,1686,2706,2584,4160,3079,,,,,,,,,
5673,997,4924,1290,4737,4511,2141,1822,,1672,2633,2511,3983,2982,,,,,,,,,
5964,1048,5247,1345,5052,4837,2357,1877,,1727,2742,2621,4095,3084,,,,,,,,,
5746,1013,5023,1306,4836,4621,2346,1846,,1698,2730,2610,4097,3073,,,,,,,,,
5773,1018,5058,1309,4861,4636,2338,1849,,1699,2714,2592,4075,3062,,,,,,,,,
5797,1018,5090,1312,4893,4680,2328,1842,,1692,2708,2586,4121,3079,,,,,,,,,
5745,1020,5036,1312,4849,4621,2306,1843,,1694,2692,2572,4073,3069,,,,,,,,,
5771,1020,5035,1302,4842,4615,2330,1844,,1696,2708,2586,4062,3055,,,,,,,,,
5880,1021,5053,1300,4856,4641,2328,1842,,1692,2703,2583,4085,3077,,,,,,,,,
5744,1030,5019,1316,4832,4605,2171,1846,,1698,2665,2543,4052,3043,,,,,,,,,
5741,1046,5003,1329,4818,4591,2227,1881,,1733,2720,2600,4040,3065,,,,,,,,,
6628,1150,5787,1434,5566,5324,2761,2007,,1839,3141,3021,4766,3514,,,,,,,,,
5825,1019,4999,1314,4802,4590,2324,1852,,1704,2703,2581,4036,3043,,,,,,,,,
6055,1016,5298,1306,5111,4887,2336,1847,,1698,2712,2590,4028,3069,,,,,,,,,
5816,1014,4995,1304,4808,4581,2298,1836,,1688,2675,2556,4034,3015,,,,,,,,,
5775,1016,5035,1296,4848,4621,2179,1838,,1688,2667,2547,4044,3047,,,,,,,,,
5836,1014,5077,1294,4882,4656,2318,1835,,1688,2696,2574,4065,3068,,,,,,,,,
5745,987,4989,1270,4802,4575,2133,1814,,1664,2627,2507,3983,3000,,,,,,,,,
6858,1182,6096,1465,5901,5643,2635,2147,,1979,3053,2931,5050,3423,,,,,,,,,
5809,1016,4966,1296,4780,4564,2308,1846,,1700,2683,2563,4008,3025,,,,,,,,,
5816,1014,4971,1296,4784,4560,2304,1828,,1678,2679,2561,4008,3025,,,,,,,,,
5811,1015,4972,1296,4775,4550,2179,1838,,1688,2669,2549,3995,3012,,,,,,,,,
5736,1017,5013,1300,4826,4602,2303,1832,,1683,2691,2563,4028,3040,,,,,,,,,
5923,1026,5206,1310,5020,4792,2340,1855,,1705,2720,2598,4051,3068,,,,,,,,,
6000,1019,5033,1302,4836,4610,2201,1856,,1696,2695,2573,4056,3069,,,,,,,,,
6027,1040,5267,1328,5062,4844,2372,1889,,1730,2772,2649,4255,3175,,,,,,,,,
5957,1058,5252,1340,5066,4838,2368,1881,,1734,2748,2626,4068,3089,,,,,,,,,
6594,1172,5647,1452,5452,5237,2509,2021,,1849,2897,2775,4599,3270,,,,,,,,,
5890,1018,5113,1341,4918,4694,2360,1871,,1720,2783,2661,4119,3130,,,,,,,,,
6134,1056,5421,1349,5236,5021,2417,1879,,1731,2797,2675,4266,3142,,,,,,,,,
5852,1016,5147,1310,4948,4723,2468,2007,,1857,2844,2724,4166,3189,,,,,,,,,
6459,1198,5740,1497,5517,5265,2665,2155,,1986,3059,2937,4434,3441,,,,,,,,,
5805,1016,5042,1312,4845,4605,2206,1863,,1715,2700,2578,4042,3039,,,,,,,,,
5929,1019,5224,1298,5027,4802,2285,1842,,1692,2663,2541,3985,3004,,,,,,,,,
5807,1019,5068,1298,4881,4655,2342,1828,,1679,2721,2600,4064,3063,,,,,,,,,
5844,1210,5131,1493,4946,4718,2348,2027,,1877,2842,2720,4166,3187,,,,,,,,,
5863,1012,5020,1292,4825,4601,2316,1833,,1684,2692,2572,4012,3037,,,,,,,,,
5889,1014,5186,1296,4989,4766,2495,2015,,1865,2871,2751,4211,3212,,,,,,,,,
5980,1014,5224,1296,5029,4816,2494,1824,,1674,2880,2758,4300,3220,,,,,,,,,
5797,1016,4985,1298,4790,4577,2316,1840,,1690,2694,2572,4020,3035,,,,,,,,,
5836,1017,4991,1300,4796,4570,2179,1842,,1692,2675,2555,4020,3016,,,,,,,,,
5663,1018,4944,1302,4755,4528,2149,1830,,1682,2645,2525,3969,2990,,,,,,,,,
5751,1020,5012,1302,4815,4589,2328,1843,,1695,2704,2582,4035,3049,,,,,,,,,
21889,1000,20902,15984,20697,20457,17888,16661,,16492,18280,18160,19872,18643,,,,,,,,,
5901,1000,5050,1298,4855,4613,2322,1837,,1688,2708,2586,4043,3053,,,,,,,,,
6293,1005,5255,1296,5068,4843,2318,1838,,1688,2704,2582,4054,3051,,,,,,,,,
5844,971,5137,1266,4951,4725,2444,1808,,1658,2832,2712,4166,3175,,,,,,,,,
6108,1000,5164,1294,4969,4745,2172,1831,,1682,2665,2546,4142,3007,,,,,,,,,
5736,970,4976,1261,4791,4562,2270,1803,,1653,2656,2535,3963,2994,,,,,,,,,
5802,969,4963,1262,4776,4563,2247,1802,,1652,2631,2509,3969,2974,,,,,,,,,
5813,1044,4973,1328,4778,4552,2206,1865,,1718,2698,2576,3998,3039,,,,,,,,,
5653,991,4944,1275,4747,4533,2132,1816,,1665,2634,2512,3963,2985,,,,,,,,,
5750,1015,4988,1298,4793,4580,2321,1838,,1688,2705,2581,4019,3044,,,,,,,,,
5720,991,4980,1273,4785,4558,2297,1815,,1667,2681,2561,4003,3026,,,,,,,,,
5785,993,4958,1277,4761,4536,2269,1820,,1671,2655,2533,3979,3002,,,,,,,,,
6107,1019,5273,1300,5076,4848,2185,1844,,1694,2663,2541,3987,3006,,,,,,,,,
5834,991,4989,1271,4800,4574,2301,1816,,1669,2683,2563,4016,3026,,,,,,,,,
6236,973,5509,1253,5314,5100,2263,1798,,1651,2647,2525,4341,2988,,,,,,,,,
5686,1018,4959,1300,4772,4546,2324,1841,,1692,2700,2580,3990,3041,,,,,,,,,
5846,984,5109,1266,4914,4699,2338,1810,,1660,2832,2714,4148,3175,,,,,,,,,
6250,1152,5497,1444,5279,5038,2495,2007,,1838,2870,2752,4447,3212,,,,,,,,,
5880,1013,5051,1308,4856,4615,2323,1850,,1700,2701,2577,4022,3044,,,,,,,,,
5785,973,4958,1264,4770,4534,2271,1808,,1658,2647,2527,3973,2992,,,,,,,,,
5872,999,5049,1295,4832,4594,2165,1824,,1675,2658,2537,4009,3004,,,,,,,,,
5968,991,5147,1420,4961,4717,2430,1964,,1814,2809,2686,4124,3153,,,,,,,,,
6193,975,5480,1266,5283,5044,2265,1810,,1660,2643,2521,3965,2984,,,,,,,,,
5945,1019,5098,1316,4879,4639,2194,1858,,1708,2691,2569,4038,3063,,,,,,,,,
5688,975,4963,1266,4768,4546,2257,1796,,1648,2635,2515,3994,3015,,,,,,,,,
5773,1002,5032,1294,4810,4572,2318,1834,,1686,2694,2574,4020,3065,,,,,,,,,
5860,973,5015,1266,4822,4581,2275,1792,,1645,2651,2531,4026,3021,,,,,,,,,
5667,971,4927,1253,4728,4491,2242,1793,,1645,2618,2498,3938,2988,,,,,,,,,
5848,1000,5024,1280,4808,4569,2306,1822,,1672,2682,2560,4016,3051,,,,,,,,,
5810,973,4971,1253,4776,4536,2277,1794,,1645,2653,2533,3983,3027,,,,,,,,,
5839,975,5007,1255,4810,4574,2260,1785,,1635,2640,2516,4023,3008,,,,,,,,,
5757,990,5011,1274,4792,4552,2145,1804,,1654,2637,2517,3990,3009,,,,,,,,,
5856,993,5003,1276,4816,4580,2269,1804,,1655,2645,2525,4024,3022,,,,,,,,,
5911,1021,5171,1302,4976,4739,2324,1844,,1694,2705,2584,4188,3232,,,,,,,,,
6372,1170,5580,1465,5355,5119,2519,2031,,1861,2899,2777,4524,3275,,,,,,,,,
9868,1189,9371,1944,9224,9007,5292,3521,,3358,6565,6450,8337,7211,,,,,,,,,
4649,619,4023,1042,3881,3700,1718,1517,,1417,2000,1907,3215,2297,,,,,,,,,
4572,609,3935,1040,3788,3616,1613,1406,,1308,1895,1802,3104,2190,,,,,,,,,
4404,616,3764,1044,3626,3457,1605,1410,,1310,1887,1796,3074,2184,,,,,,,,,
4363,611,3782,1032,3632,3465,1613,1408,,1306,1899,1806,3069,2194,,,,,,,,,
4288,609,3744,1020,3595,3429,1576,1387,,1284,1863,1769,3033,2155,,,,,,,,,
4382,606,3742,1024,3592,3427,1595,1390,,1292,1883,1792,3045,2178,,,,,,,,,
4330,607,3770,1026,3621,3457,1594,1393,,1292,1877,1783,3071,2171,,,,,,,,,
5724,761,5104,1285,4710,4523,2073,1767,,1639,2398,2283,4156,2762,,,,,,,,,
4310,616,3795,1024,3648,3470,1609,1402,,1300,1895,1802,3096,2182,,,,,,,,,
4411,603,3788,1017,3650,3475,1598,1383,,1283,1893,1799,3089,2187,,,,,,,,,
4382,604,3754,1028,3616,3443,1599,1396,,1296,1883,1790,3065,2172,,,,,,,,,
4328,623,3822,1042,3680,3512,1610,1415,,1314,1895,1801,3116,2183,,,,,,,,,
4383,603,3753,1023,3615,3445,1584,1387,,1287,1868,1777,3061,2161,,,,,,,,,
4406,613,3774,1024,3634,3459,1590,1389,,1290,1875,1783,3067,2163,,,,,,,,,
4355,625,3800,1040,3660,3489,1600,1401,,1302,1883,1791,3073,2171,,,,,,,,,
4379,609,3754,1030,3614,3443,1593,1389,,1290,1879,1788,3065,2174,,,,,,,,,
4415,617,3790,1037,3652,3483,1612,1413,,1312,1897,1805,3087,2187,,,,,,,,,
4319,622,3776,1042,3638,3461,1603,1406,,1304,1885,1794,3080,2180,,,,,,,,,
4333,618,3789,1036,3650,3476,1593,1402,,1302,1881,1788,3088,2182,,,,,,,,,
4487,618,3858,1046,3719,3545,1625,1424,,1323,1908,1814,3157,2214,,,,,,,,,
4603,601,3723,1018,3577,3409,1566,1381,,1284,1847,1759,3033,2133,,,,,,,,,
4798,685,4278,1116,4132,3972,1684,1485,,1388,1963,1871,3586,2257,,,,,,,,,
4284,595,3746,1002,3599,3435,1566,1367,,1266,1847,1755,3047,2129,,,,,,,,,
4311,594,3687,1000,3551,3391,1546,1357,,1260,1827,1735,3001,2109,,,,,,,,,
4330,581,3695,995,3552,3390,1554,1355,,1257,1832,1743,3018,2122,,,,,,,,,
4237,583,3694,995,3548,3386,1558,1350,,1251,1836,1744,3012,2118,,,,,,,,,
4319,579,3699,983,3563,3396,1534,1343,,1245,1810,1719,3019,2103,,,,,,,,,
4343,591,3707,1003,3563,3404,1562,1373,,1273,1840,1747,3018,2124,,,,,,,,,
4164,585,3656,995,3520,3351,1537,1350,,1249,1814,1722,2981,2094,,,,,,,,,
4325,601,3695,1012,3555,3394,1558,1369,,1274,1834,1745,3013,2125,,,,,,,,,
4357,601,3725,1017,3581,3420,1568,1377,,1281,1848,1757,3032,2130,,,,,,,,,
4233,595,3697,999,3563,3402,1548,1353,,1253,1826,1737,3031,2114,,,,,,,,,
4227,603,3707,1019,3561,3402,1570,1381,,1283,1848,1757,3030,2133,,,,,,,,,
4223,605,3707,1016,3563,3400,1570,1377,,1280,1854,1763,3027,2137,,,,,,,,,
4330,601,3699,1011,3562,3402,1564,1377,,1281,1848,1759,3032,2135,,,,,,,,,
4259,587,3707,999,3560,3400,1556,1367,,1267,1840,1749,3022,2124,,,,,,,,,
4203,595,3695,1000,3549,3386,1552,1357,,1262,1830,1737,3013,2121,,,,,,,,,
4207,589,3695,1006,3559,3399,1560,1363,,1270,1833,1745,3029,2119,,,,,,,,,
4336,593,3692,1005,3560,3398,1560,1367,,1271,1846,1755,3022,2130,,,,,,,,,
4302,593,3682,997,3546,3382,1545,1348,,1253,1820,1730,3006,2112,,,,,,,,,
4247,599,3707,1006,3561,3402,1560,1367,,1266,1836,1749,3014,2131,,,,,,,,,
4233,607,3732,1014,3593,3423,1572,1371,,1274,1857,1767,3051,2139,,,,,,,,,
4863,597,4000,1004,3855,3695,1550,1357,,1260,1826,1737,3027,2115,,,,,,,,,
4311,589,3689,1002,3547,3388,1550,1359,,1262,1828,1737,3015,2117,,,,,,,,,
4180,585,3677,991,3539,3380,1532,1339,,1241,1808,1719,3012,2092,,,,,,,,,
4213,597,3691,995,3544,3386,1535,1344,,1247,1814,1724,3014,2098,,,,,,,,,
4848,595,4337,1007,4188,4022,2106,1361,,1267,2401,2309,3644,2728,,,,,,,,,
4219,593,3713,991,3577,3417,1566,1341,,1245,1853,1763,3037,2143,,,,,,,,,
4848,670,4251,1068,4119,3955,1617,1426,,1332,1893,1806,3583,2185,,,,,,,,,
4352,582,3735,989,3605,3438,1535,1338,,1247,1811,1722,3063,2098,,,,,,,,,
4140,573,3616,965,3473,3311,1497,1314,,1221,1767,1680,2941,2047,,,,,,,,,
4174,579,3646,977,3512,3346,1534,1335,,1243,1806,1717,2980,2096,,,,,,,,,
4247,569,3636,965,3504,3337,1503,1322,,1227,1775,1688,2963,2070,,,,,,,,,
4271,581,3660,977,3528,3368,1513,1328,,1233,1783,1694,2984,2078,,,,,,,,,
4133,576,3638,977,3505,3339,1503,1322,,1228,1775,1688,2961,2069,,,,,,,,,
4219,565,3605,955,3473,3313,1487,1304,,1211,1759,1670,2953,2047,,,,,,,,,
4255,569,3644,969,3514,3349,1503,1322,,1227,1775,1688,2978,2064,,,,,,,,,
4156,568,3619,973,3487,3323,1507,1322,,1231,1777,1690,2957,2063,,,,,,,,,
4111,554,3607,951,3471,3307,1481,1300,,1206,1759,1670,2945,2037,,,,,,,,,
4279,583,3660,977,3516,3363,1515,1332,,1237,1789,1698,2985,2071,,,,,,,,,
4097,577,3602,973,3470,3315,1505,1320,,1229,1777,1690,2945,2054,,,,,,,,,
4122,587,3630,969,3494,3340,1520,1331,,1237,1792,1705,2980,2084,,,,,,,,,
4148,575,3646,971,3506,3350,1527,1326,,1233,1798,1710,2974,2084,,,,,,,,,
4474,666,3989,1068,3859,3694,1621,1430,,1332,1905,1816,3319,2189,,,,,,,,,
4499,579,3603,987,3469,3311,1519,1335,,1241,1794,1708,2939,2070,,,,,,,,,
4274,573,3658,981,3526,3366,1521,1336,,1241,1804,1716,2982,2088,,,,,,,,,
4162,567,3659,969,3527,3368,1514,1325,,1231,1782,1696,2990,2076,,,,,,,,,
4430,573,3634,979,3502,3343,1507,1326,,1229,1789,1700,2966,2068,,,,,,,,,
4250,571,3630,963,3498,3337,1497,1312,,1215,1769,1680,2966,2058,,,,,,,,,
4147,579,3648,981,3516,3357,1511,1326,,1229,1781,1694,2967,2074,,,,,,,,,
4282,591,3648,993,3516,3356,1525,1339,,1243,1802,1712,2992,2096,,,,,,,,,
4237,574,3627,971,3497,3337,1503,1320,,1226,1775,1686,2951,2057,,,,,,,,,
4195,569,3585,963,3455,3297,1487,1306,,1211,1765,1680,2931,2038,,,,,,,,,
4068,554,3548,944,3420,3264,1462,1284,,1192,1735,1649,2900,2015,,,,,,,,,
4099,550,3536,938,3410,3252,1454,1276,,1180,1718,1633,2892,1993,,,,,,,,,
4168,571,3547,961,3419,3264,1469,1290,,1199,1735,1650,2905,2009,,,,,,,,,
4791,654,4192,1044,4056,3896,1584,1397,,1304,1856,1771,3530,2141,,,,,,,,,
4195,571,3581,955,3447,3291,1471,1292,,1199,1737,1652,2923,2021,,,,,,,,,
4191,577,3577,965,3439,3289,1483,1306,,1213,1757,1670,2923,2031,,,,,,,,,
4168,542,3563,936,3427,3276,1458,1275,,1182,1730,1647,2900,2005,,,,,,,,,
4190,558,3577,954,3441,3292,1474,1296,,1202,1746,1661,2935,2025,,,,,,,,,
4103,558,3579,946,3449,3297,1477,1294,,1198,1751,1665,2919,2029,,,,,,,,,
4179,551,3575,935,3439,3283,1473,1288,,1195,1739,1652,2919,2025,,,,,,,,,
4205,558,3583,951,3449,3295,1479,1294,,1200,1745,1659,2937,2023,,,,,,,,,
4300,546,3540,930,3414,3256,1454,1275,,1182,1722,1637,2890,2000,,,,,,,,,
4365,554,3552,950,3426,3272,1464,1285,,1192,1730,1643,2914,2011,,,,,,,,,
4359,562,3572,950,3436,3286,1474,1289,,1196,1740,1655,2914,2017,,,,,,,,,
4001,554,3518,944,3390,3235,1448,1271,,1178,1712,1627,2878,1996,,,,,,,,,
4178,555,3530,945,3394,3242,1467,1286,,1192,1739,1654,2882,2017,,,,,,,,,
4168,559,3553,947,3413,3266,1481,1302,,1207,1751,1666,2891,2023,,,,,,,,,
4113,562,3544,944,3416,3266,1466,1281,,1190,1732,1649,2906,2011,,,,,,,,,
4170,599,3611,991,3481,3323,1525,1340,,1245,1795,1708,2959,2068,,,,,,,,,
4072,570,3581,952,3443,3292,1472,1292,,1204,1743,1657,2935,2019,,,,,,,,,
4198,560,3581,940,3445,3290,1466,1288,,1196,1730,1647,2925,2019,,,,,,,,,
4140,567,3598,957,3460,3309,1481,1300,,1209,1747,1662,2946,2026,,,,,,,,,
4042,563,3547,953,3411,3258,1465,1290,,1197,1735,1650,2903,2011,,,,,,,,,
4174,559,3559,947,3431,3275,1467,1288,,1195,1739,1654,2911,2017,,,,,,,,,
4182,569,3561,959,3425,3274,1479,1304,,1211,1745,1659,2913,2019,,,,,,,,,
4137,548,3595,934,3467,3312,1448,1273,,1180,1716,1631,2904,1990,,,,,,,,,
4187,565,3565,955,3429,3279,1477,1302,,1205,1745,1658,2913,2023,,,,,,,,,
4095,550,3522,928,3384,3235,1454,1277,,1188,1724,1637,2872,2006,,,,,,,,,
4036,559,3541,935,3411,3256,1453,1274,,1182,1723,1637,2889,1999,,,,,,,,,
4207,562,3601,954,3465,3311,1479,1300,,1206,1749,1663,2945,2029,,,,,,,,,
4010,528,3490,898,3358,3212,1400,1231,,1140,1664,1581,2858,1940,,,,,,,,,
4826,642,4020,1026,3896,3746,1554,1371,,1282,1822,1739,3394,2108,,,,,,,,,
4106,539,3502,923,3380,3232,1433,1258,,1173,1697,1617,2881,1967,,,,,,,,,
4179,539,3657,900,3533,3385,1400,1227,,1140,1660,1577,2820,1932,,,,,,,,,
4121,544,3514,930,3390,3242,1440,1259,,1172,1700,1617,2888,1972,,,,,,,,,
4010,538,3459,906,3335,3185,1408,1235,,1146,1670,1586,2836,1942,,,,,,,,,
3994,557,3470,931,3344,3195,1430,1258,,1168,1700,1615,2840,1968,,,,,,,,,
4054,553,3536,932,3410,3264,1444,1263,,1176,1712,1629,2899,1985,,,,,,,,,
4026,536,3477,918,3353,3205,1422,1253,,1160,1686,1603,2852,1962,,,,,,,,,
4245,548,3758,922,3634,3486,1700,1259,,1168,1968,1885,3128,2238,,,,,,,,,
4099,554,3504,930,3380,3231,1438,1259,,1174,1706,1623,2874,1982,,,,,,,,,
3929,547,3457,910,3334,3187,1422,1241,,1152,1682,1601,2832,1964,,,,,,,,,
3926,536,3447,912,3321,3175,1424,1247,,1158,1688,1605,2829,1956,,,,,,,,,
4076,544,3479,916,3357,3209,1425,1245,,1157,1683,1604,2851,1962,,,,,,,,,
5142,691,4638,1108,4508,4335,1688,1457,,1361,2015,1908,3850,2326,,,,,,,,,
4022,547,3537,923,3407,3250,1447,1258,,1170,1707,1625,2877,1981,,,,,,,,,
4195,624,3612,1004,3488,3336,1526,1341,,1254,1798,1717,2972,2084,,,,,,,,,
3958,544,3481,922,3355,3205,1421,1251,,1163,1686,1606,2851,1958,,,,,,,,,
3947,547,3472,914,3350,3202,1434,1233,,1148,1697,1615,2856,1969,,,,,,,,,
4090,546,3497,912,3375,3229,1432,1235,,1145,1696,1614,2878,1966,,,,,,,,,
4095,541,3500,910,3376,3228,1430,1231,,1142,1693,1609,2879,1965,,,,,,,,,
4382,551,3508,925,3384,3238,1445,1248,,1158,1709,1625,2869,1979,,,,,,,,,
4109,538,3493,916,3368,3221,1444,1245,,1156,1704,1623,2870,1978,,,,,,,,,
4117,550,3516,946,3390,3244,1475,1276,,1188,1735,1651,2892,2007,,,,,,,,,
4075,550,3528,936,3404,3256,1462,1263,,1174,1720,1637,2884,1995,,,,,,,,,
4054,534,3455,908,3331,3183,1430,1233,,1144,1690,1607,2838,1962,,,,,,,,,
4028,557,3532,941,3405,3260,1473,1272,,1182,1733,1650,2909,2003,,,,,,,,,
4089,555,3490,927,3366,3218,1447,1250,,1160,1709,1625,2870,1979,,,,,,,,,
4128,549,3524,939,3398,3250,1456,1259,,1172,1716,1635,2882,1991,,,,,,,,,
4044,544,3559,916,3433,3282,1462,1261,,1174,1720,1637,2929,2001,,,,,,,,,
4699,634,4110,1008,3976,3827,1528,1347,,1256,1796,1713,3454,2084,,,,,,,,,
4112,549,3521,929,3388,3234,1443,1262,,1170,1711,1629,2883,1983,,,,,,,,,
4217,543,3709,916,3575,3423,1438,1250,,1158,1709,1625,3066,1979,,,,,,,,,
4059,537,3470,906,3336,3189,1416,1243,,1156,1676,1593,2842,1948,,,,,,,,,
4080,548,3479,912,3345,3191,1430,1243,,1155,1690,1606,2829,1958,,,,,,,,,
4099,537,3508,904,3376,3226,1404,1227,,1140,1666,1583,2848,1938,,,,,,,,,
4101,548,3497,918,3365,3217,1452,1271,,1157,1712,1629,2866,1986,,,,,,,,,
4018,551,3494,921,3362,3216,1426,1250,,1158,1692,1609,2858,1965,,,,,,,,,
4004,542,3455,922,3329,3177,1430,1251,,1162,1694,1611,2830,1960,,,,,,,,,
3973,547,3482,930,3350,3201,1432,1258,,1168,1692,1607,2858,1970,,,,,,,,,
3971,551,3496,929,3362,3216,1438,1258,,1168,1702,1619,2868,1975,,,,,,,,,
4055,538,3470,902,3335,3187,1406,1231,,1138,1666,1585,2836,1938,,,,,,,,,
4134,549,3533,923,3401,3252,1443,1256,,1168,1705,1621,2901,1981,,,,,,,,,
3946,536,3473,908,3347,3199,1403,1229,,1139,1665,1580,2839,1940,,,,,,,,,
4211,544,3467,910,3343,3189,1418,1235,,1147,1678,1594,2837,1954,,,,,,,,,
4389,542,3782,930,3658,3502,1446,1267,,1178,1706,1623,3134,1982,,,,,,,,,
4067,540,3463,926,3337,3187,1428,1257,,1166,1690,1607,2838,1964,,,,,,,,,
4087,551,3490,926,3358,3206,1432,1258,,1170,1690,1609,2854,1966,,,,,,,,,
3989,546,3483,924,3349,3201,1430,1251,,1162,1698,1613,2852,1968,,,,,,,,,
3924,536,3423,902,3289,3144,1398,1223,,1136,1658,1574,2795,1928,,,,,,,,,
4125,556,3522,930,3386,3236,1446,1263,,1174,1710,1625,2872,1982,,,,,,,,,
3949,542,3477,918,3353,3199,1414,1239,,1152,1678,1598,2848,1952,,,,,,,,,
4079,555,3486,930,3362,3205,1430,1259,,1168,1704,1619,2854,1974,,,,,,,,,
4099,555,3583,937,3457,3305,1438,1258,,1170,1702,1619,2945,1977,,,,,,,,,
4089,551,3521,933,3395,3244,1430,1258,,1168,1690,1607,2883,1969,,,,,,,,,
4113,555,3518,930,3382,3232,1436,1263,,1172,1698,1613,2880,1968,,,,,,,,,
4020,547,3504,934,3370,3218,1440,1266,,1174,1698,1615,2870,1974,,,,,,,,,
4032,528,3435,910,3301,3149,1398,1227,,1136,1658,1575,2799,1936,,,,,,,,,
4101,554,3499,940,3365,3219,1442,1267,,1180,1702,1618,2870,1978,,,,,,,,,
4554,631,4084,1007,3961,3804,1533,1350,,1259,1803,1720,3426,2080,,,,,,,,,
4130,549,3543,928,3409,3262,1448,1261,,1172,1706,1625,2911,1979,,,,,,,,,
4142,534,3541,934,3415,3260,1461,1272,,1182,1721,1637,2905,1993,,,,,,,,,
3999,530,3526,910,3402,3248,1410,1235,,1145,1672,1588,2902,1954,,,,,,,,,
4125,530,3516,912,3392,3240,1424,1249,,1162,1690,1604,2882,1962,,,,,,,,,
4109,541,3514,933,3388,3234,1446,1268,,1180,1709,1625,2876,1977,,,,,,,,,
4079,538,3470,910,3346,3189,1416,1243,,1154,1676,1593,2836,1952,,,,,,,,,
4073,545,3476,931,3354,3200,1449,1270,,1180,1709,1625,2852,1979,,,,,,,,,
4208,542,3674,906,3550,3394,1407,1233,,1143,1673,1590,2864,1946,,,,,,,,,
3975,552,3499,916,3367,3209,1419,1247,,1159,1686,1604,2860,1976,,,,,,,,,
4376,551,3478,922,3352,3202,1430,1258,,1168,1688,1605,2850,1967,,,,,,,,,
3937,544,3455,918,3329,3177,1416,1243,,1154,1678,1597,2809,1948,,,,,,,,,
4040,551,3492,931,3368,3212,1436,1264,,1174,1694,1613,2862,1979,,,,,,,,,
4208,642,3642,1034,3516,3366,1562,1381,,1290,1836,1753,3008,2118,,,,,,,,,
3996,543,3508,910,3380,3228,1420,1245,,1154,1684,1601,2876,1964,,,,,,,,,
4103,555,3496,930,3372,3220,1434,1261,,1170,1694,1611,2868,1970,,,,,,,,,
4231,541,3628,912,3504,3352,1538,1258,,1166,1802,1719,3009,2099,,,,,,,,,
4069,550,3549,938,3425,3272,1499,1265,,1174,1759,1676,2923,2031,,,,,,,,,
4489,544,3548,930,3422,3272,1497,1267,,1176,1763,1679,2921,2031,,,,,,,,,
4117,544,3516,914,3392,3244,1474,1249,,1157,1738,1657,2896,2009,,,,,,,,,
4042,550,3528,930,3402,3254,1497,1265,,1172,1755,1673,2906,2031,,,,,,,,,
4052,548,3550,942,3426,3278,1499,1269,,1178,1767,1683,2929,2035,,,,,,,,,
3993,550,3508,922,3384,3230,1471,1243,,1154,1737,1651,2876,2009,,,,,,,,,
4185,559,3577,941,3453,3301,1501,1270,,1178,1759,1676,2931,2038,,,,,,,,,
4369,544,3555,928,3431,3280,1483,1257,,1166,1747,1664,2927,2017,,,,,,,,,
4261,552,3518,934,3394,3246,1491,1259,,1172,1755,1672,2896,2025,,,,,,,,,
4148,551,3539,929,3415,3267,1485,1260,,1172,1751,1668,2921,2023,,,,,,,,,
4333,543,3494,910,3370,3216,1459,1233,,1144,1723,1642,2864,1997,,,,,,,,,
4115,548,3522,914,3396,3246,1470,1243,,1157,1730,1647,2894,2006,,,,,,,,,
4660,634,4071,1016,3937,3782,1544,1357,,1265,1812,1729,3429,2098,,,,,,,,,
3988,524,3392,884,3262,3116,1369,1199,,1115,1623,1544,2767,1897,,,,,,,,,
3945,516,3451,900,3319,3171,1390,1217,,1130,1646,1566,2797,1912,,,,,,,,,
4308,534,3473,903,3353,3203,1389,1220,,1133,1645,1564,2860,1913,,,,,,,,,
3941,532,3427,900,3297,3153,1383,1213,,1127,1649,1568,2807,1916,,,,,,,,,
4039,539,3437,917,3317,3167,1418,1242,,1156,1674,1593,2820,1952,,,,,,,,,
4005,526,3398,887,3274,3128,1373,1202,,1117,1633,1549,2780,1897,,,,,,,,,
3969,528,3453,896,3332,3185,1384,1219,,1132,1648,1564,2826,1926,,,,,,,,,
4060,532,3465,899,3335,3191,1395,1220,,1131,1655,1576,2845,1933,,,,,,,,,
3965,524,3382,877,3262,3111,1367,1196,,1109,1629,1547,2768,1901,,,,,,,,,
4003,530,3471,887,3339,3195,1389,1202,,1117,1651,1572,2837,1931,,,,,,,,,
4217,526,3397,886,3277,3128,1376,1201,,1116,1633,1550,2783,1896,,,,,,,,,
4188,534,3404,891,3284,3136,1379,1206,,1119,1637,1554,2785,1903,,,,,,,,,
4044,532,3427,904,3305,3157,1391,1219,,1131,1654,1572,2813,1926,,,,,,,,,
3861,530,3386,892,3266,3120,1375,1208,,1121,1631,1548,2764,1897,,,,,,,,,
4024,532,3430,899,3300,3154,1383,1212,,1123,1645,1562,2809,1921,,,,,,,,,
4071,530,3474,908,3342,3200,1408,1227,,1138,1668,1589,2856,1936,,,,,,,,,
3918,526,3428,889,3298,3154,1369,1200,,1109,1625,1547,2805,1895,,,,,,,,,
4048,532,3455,908,3325,3175,1401,1223,,1135,1665,1582,2827,1936,,,,,,,,,
3993,532,3408,896,3287,3140,1377,1209,,1119,1633,1552,2791,1899,,,,,,,,,
3934,532,3416,904,3286,3138,1385,1216,,1129,1643,1562,2785,1915,,,,,,,,,
4020,526,3419,896,3289,3145,1384,1215,,1128,1646,1562,2797,1914,,,,,,,,,
3930,524,3400,885,3272,3122,1365,1196,,1109,1623,1543,2776,1891,,,,,,,,,
3939,536,3429,906,3309,3167,1385,1217,,1131,1651,1572,2821,1932,,,,,,,,,
4026,540,3435,918,3307,3156,1393,1227,,1141,1657,1574,2813,1925,,,,,,,,,
3884,518,3413,880,3285,3141,1359,1191,,1103,1617,1540,2795,1883,,,,,,,,,
4042,536,3453,920,3321,3173,1409,1233,,1145,1663,1584,2831,1940,,,,,,,,,
4142,541,3630,910,3510,3364,1607,1438,,1349,1863,1782,3021,2139,,,,,,,,,
3888,536,3422,898,3292,3144,1383,1202,,1117,1639,1556,2799,1913,,,,,,,,,
3922,540,3406,914,3287,3144,1404,1225,,1140,1660,1578,2801,1938,,,,,,,,,
4501,616,4004,987,3874,3728,1499,1323,,1233,1761,1680,3378,2042,,,,,,,,,
3973,542,3465,910,3335,3191,1397,1223,,1137,1657,1578,2834,1936,,,,,,,,,
4018,528,3427,885,3297,3152,1371,1200,,1113,1633,1550,2795,1899,,,,,,,,,
3983,532,3471,900,3343,3197,1383,1215,,1127,1641,1560,2842,1909,,,,,,,,,
4030,534,3423,902,3291,3151,1398,1223,,1134,1656,1574,2795,1924,,,,,,,,,
3991,536,3406,892,3284,3136,1391,1214,,1129,1645,1566,2789,1913,,,,,,,,,
3936,522,3463,891,3333,3187,1385,1212,,1127,1645,1566,2829,1913,,,,,,,,,
3987,534,3467,904,3337,3191,1399,1229,,1143,1663,1584,2821,1929,,,,,,,,,
3987,522,3396,886,3266,3124,1371,1203,,1117,1629,1550,2773,1895,,,,,,,,,
4008,536,3419,898,3297,3153,1389,1219,,1131,1658,1576,2805,1922,,,,,,,,,
4050,605,3556,989,3426,3284,1503,1326,,1237,1771,1690,2937,2043,,,,,,,,,
3975,516,3403,861,3273,3126,1345,1178,,1091,1599,1518,2751,1867,,,,,,,,,
4007,514,3414,879,3290,3142,1375,1200,,1113,1639,1556,2797,1903,,,,,,,,,
4829,608,4325,1000,4195,4043,1583,1365,,1276,1847,1765,3506,2121,,,,,,,,,
3906,518,3420,900,3299,3152,1391,1219,,1131,1645,1562,2807,1911,,,,,,,,,
3904,529,3429,904,3299,3157,1396,1221,,1136,1654,1573,2808,1918,,,,,,,,,
3900,527,3427,890,3305,3159,1369,1201,,1116,1625,1546,2812,1902,,,,,,,,,
3845,520,3370,876,3248,3106,1363,1188,,1103,1619,1536,2759,1893,,,,,,,,,
3927,520,3403,876,3281,3136,1375,1193,,1109,1631,1550,2783,1899,,,,,,,,,
3971,526,3402,892,3270,3128,1377,1211,,1123,1633,1552,2775,1907,,,,,,,,,
3947,522,3401,878,3277,3134,1361,1193,,1109,1617,1538,2777,1887,,,,,,,,,
4205,526,3417,892,3287,3143,1377,1207,,1124,1633,1550,2793,1900,,,,,,,,,
3914,514,3399,868,3277,3132,1373,1193,,1107,1639,1560,2787,1912,,,,,,,,,
3953,522,3492,888,3372,3226,1483,1209,,1122,1747,1664,2885,2013,,,,,,,,,
3869,524,3374,883,3254,3110,1375,1200,,1113,1631,1550,2766,1901,,,,,,,,,
5257,677,4699,1126,4546,4374,1765,1544,,1436,2062,1971,3750,2375,,,,,,,,,
3922,532,3449,908,3319,3171,1393,1223,,1137,1651,1572,2815,1940,,,,,,,,,
3915,531,3454,915,3330,3183,1400,1225,,1136,1658,1577,2826,1928,,,,,,,,,
4061,523,3588,898,3468,3322,1388,1213,,1122,1646,1563,2972,1918,,,,,,,,,
3854,524,3386,900,3263,3122,1378,1209,,1122,1635,1554,2775,1914,,,,,,,,,
3873,522,3398,898,3280,3136,1373,1206,,1121,1633,1552,2787,1905,,,,,,,,,
3902,530,3437,906,3317,3173,1380,1213,,1124,1640,1556,2824,1916,,,,,,,,,
3878,520,3419,896,3297,3153,1373,1207,,1115,1629,1548,2805,1903,,,,,,,,,
3890,534,3402,908,3283,3142,1404,1233,,1144,1664,1584,2795,1930,,,,,,,,,
4010,520,3386,896,3266,3118,1369,1203,,1113,1623,1542,2767,1897,,,,,,,,,
4450,532,3658,899,3536,3390,1393,1222,,1133,1651,1570,3048,1923,,,,,,,,,
3922,520,3435,900,3313,3172,1387,1218,,1133,1645,1566,2821,1923,,,,,,,,,
3870,528,3390,890,3270,3128,1373,1207,,1119,1629,1548,2777,1907,,,,,,,,,
3918,522,3443,902,3323,3171,1400,1223,,1138,1660,1580,2818,1928,,,,,,,,,
3944,522,3449,896,3319,3173,1389,1221,,1133,1643,1562,2817,1913,,,,,,,,,
3937,533,3431,908,3309,3165,1404,1235,,1148,1658,1577,2818,1924,,,,,,,,,
4093,536,3603,916,3479,3335,1411,1243,,1156,1676,1594,2809,1944,,,,,,,,,
4062,522,3581,1089,3461,3317,1568,1401,,1314,1824,1743,2967,2094,,,,,,,,,
4312,530,3792,904,3672,3520,1393,1225,,1137,1653,1572,3177,1928,,,,,,,,,
4319,616,3811,1046,3679,3518,1680,1451,,1339,1971,1883,3147,2261,,,,,,,,,
4333,583,3837,982,3703,3551,1522,1323,,1231,1800,1715,2994,2084,,,,,,,,,
5352,1663,4818,2072,4678,4527,2628,2427,,2325,2912,2829,4133,3213,,,,,,,,,
4650,659,3971,1077,3870,3718,1800,1595,,1463,2076,1995,3346,2363,,,,,,,,,
4322,613,3717,1013,3583,3424,1572,1351,,1263,1846,1759,3022,2137,,,,,,,,,
4800,648,3959,1117,3819,3650,1773,1570,,1477,2053,1968,3234,2336,,,,,,,,,
4380,618,3797,1032,3630,3457,1623,1404,,1314,1905,1824,3086,2200,,,,,,,,,
5062,675,4546,1172,4374,4181,2028,1597,,1485,2346,2241,3758,2665,,,,,,,,,
4581,587,4057,1016,3914,3760,1696,1442,,1318,1981,1901,3340,2322,,,,,,,,,
4786,672,4282,1117,4146,3996,1749,1511,,1410,2031,1948,3601,2338,,,,,,,,,
11022,1308,10303,1844,10008,9642,5883,4146,,3941,6904,6758,8690,7713,,,,,,,,,
5758,834,5009,1129,4814,4548,2279,1712,,1556,2679,2553,3983,3034,,,,,,,,,
6248,834,5510,1141,5315,5061,2299,1783,,1606,2697,2571,4483,3053,,,,,,,,,
6010,832,5155,1139,4960,4710,2269,1761,,1584,2669,2541,4086,3024,,,,,,,,,
5661,788,4875,1093,4680,4432,2147,1662,,1507,2539,2413,3859,2890,,,,,,,,,
5793,831,5005,1138,4802,4567,2259,1751,,1575,2657,2531,3977,3009,,,,,,,,,
5762,831,4972,1135,4769,4546,2256,1747,,1572,2648,2523,3973,3000,,,,,,,,,
5862,788,5130,1094,4925,4678,2126,1659,,1503,2518,2392,3849,2872,,,,,,,,,
5753,831,4961,1124,4758,4536,2239,1737,,1560,2629,2503,3959,2984,,,,,,,,,
5633,805,4855,1099,4660,4426,2141,1662,,1507,2533,2407,3853,2883,,,,,,,,,
5952,833,5125,1126,4922,4672,2212,1709,,1532,2604,2478,4099,2958,,,,,,,,,
5771,831,4960,1125,4743,4491,2198,1712,,1558,2590,2464,3916,2943,,,,,,,,,
6608,973,5854,1269,5651,5336,2708,2127,,1726,3108,2982,4720,3498,,,,,,,,,
7012,987,6274,1572,6059,5712,2821,2281,,2096,3252,3126,5096,3646,,,,,,,,,
5899,805,5121,1113,4928,4693,2153,1802,,1615,2663,2537,4079,3053,,,,,,,,,
6034,806,5185,1113,4990,4742,2159,1677,,1521,2547,2421,3918,2900,,,,,,,,,
7227,889,6439,1245,6195,5909,2862,2169,,1972,3412,3286,4798,3837,,,,,,,,,
5777,831,5019,1127,4816,4582,2214,1684,,1531,2651,2525,3965,3004,,,,,,,,,
5728,833,4971,1142,4768,4516,2237,1704,,1548,2627,2501,3945,2980,,,,,,,,,
6177,830,4968,1135,4765,4515,2210,1700,,1545,2600,2474,3936,2987,,,,,,,,,
5722,805,4875,1113,4682,4434,2149,1666,,1511,2539,2411,3856,2891,,,,,,,,,
5811,833,4966,1140,4763,4511,2198,1692,,1538,2588,2462,3937,2974,,,,,,,,,
5941,834,4986,1139,4781,4529,2065,1700,,1545,2577,2451,3956,2961,,,,,,,,,
6053,804,5245,1111,5043,4794,2143,1674,,1519,2533,2407,3867,2886,,,,,,,,,
6027,835,5099,1136,4895,4644,2289,1702,,1548,2679,2553,4067,3065,,,,,,,,,
5819,806,5094,1113,4899,4651,2015,1678,,1523,2510,2385,4075,2894,,,,,,,,,
5638,834,4911,1129,4708,4458,2055,1694,,1539,2567,2441,3885,2920,,,,,,,,,
6340,989,5608,1298,5338,5082,2393,1883,,1706,2787,2661,4463,3177,,,,,,,,,
5797,829,4914,1138,4711,4463,2021,1688,,1536,2531,2403,3859,2884,,,,,,,,,
7394,1081,6872,1473,6750,6557,3888,2850,,2708,4560,4459,5934,5024,,,,,,,,,
4152,534,3622,900,3500,3350,1463,1276,,1188,1727,1645,2990,1995,,,,,,,,,
4137,526,3656,883,3532,3382,1438,1261,,1176,1692,1613,2862,1962,,,,,,,,,
3943,536,3435,908,3315,3165,1389,1223,,1138,1653,1572,2809,1922,,,,,,,,,
4020,530,3451,890,3327,3181,1385,1213,,1125,1645,1566,2825,1922,,,,,,,,,
3967,530,3441,900,3317,3171,1396,1223,,1134,1654,1576,2818,1926,,,,,,,,,
4723,644,4203,1014,4073,3916,1755,1357,,1267,2015,1934,3536,2297,,,,,,,,,
3937,506,3462,882,3340,3187,1414,1205,,1118,1670,1589,2836,1934,,,,,,,,,
4666,522,4143,898,4020,3869,1393,1227,,1141,1653,1574,3345,1919,,,,,,,,,
4594,568,3879,1036,3741,3577,1673,1432,,1340,1960,1860,3191,2275,,,,,,,,,
3971,537,3486,914,3362,3216,1442,1272,,1185,1700,1619,2862,1965,,,,,,,,,
3955,535,3450,908,3322,3167,1398,1229,,1142,1656,1575,2812,1922,,,,,,,,,
3969,520,3432,887,3312,3166,1375,1204,,1121,1633,1551,2784,1895,,,,,,,,,
3995,528,3400,896,3278,3124,1399,1225,,1135,1651,1572,2781,1917,,,,,,,,,
3912,522,3427,898,3307,3158,1385,1217,,1131,1641,1560,2805,1919,,,,,,,,,
4227,518,3630,888,3510,3358,1380,1209,,1120,1636,1554,3017,1902,,,,,,,,,
3880,526,3404,896,3282,3134,1393,1223,,1140,1653,1570,2785,1917,,,,,,,,,
4052,528,3465,898,3335,3183,1389,1218,,1131,1647,1566,2827,1913,,,,,,,,,
3859,508,3386,878,3266,3120,1369,1197,,1111,1623,1546,2773,1905,,,,,,,,,
3894,510,3429,884,3309,3155,1376,1205,,1122,1631,1550,2814,1900,,,,,,,,,
3878,522,3378,890,3258,3106,1377,1209,,1119,1633,1550,2767,1906,,,,,,,,,
4231,530,3453,902,3331,3179,1390,1221,,1134,1645,1564,2838,1922,,,,,,,,,
18104,528,17562,1011,17328,17145,14931,14647,,14537,15226,15130,16780,15518,,,,,,,,,
4065,565,3551,947,3427,3285,1485,1306,,1219,1753,1670,2911,2025,,,,,,,,,
4691,640,4102,1089,3927,3730,1737,1499,,1390,2040,1944,3269,2355,,,,,,,,,
4128,534,3531,918,3401,3254,1436,1249,,1160,1700,1617,2891,1967,,,,,,,,,
3962,534,3473,903,3343,3193,1419,1241,,1153,1679,1598,2833,1950,,,,,,,,,
4299,555,3772,921,3645,3492,1430,1252,,1166,1692,1611,2850,1963,,,,,,,,,
4298,536,3583,894,3461,3315,1387,1217,,1131,1647,1564,2966,1911,,,,,,,,,
3937,534,3459,910,3329,3181,1406,1225,,1139,1668,1586,2827,1942,,,,,,,,,
3925,540,3449,918,3329,3179,1408,1235,,1148,1672,1589,2832,1946,,,,,,,,,
3857,522,3386,883,3264,3118,1377,1208,,1123,1635,1556,2772,1905,,,,,,,,,
4186,536,3461,900,3339,3187,1391,1219,,1131,1647,1566,2836,1917,,,,,,,,,
4313,675,3821,1111,3689,3533,1709,1473,,1373,1997,1918,3181,2296,,,,,,,,,
11633,1466,10790,2035,10489,10038,6187,4359,,4121,7089,6932,9049,7914,,,,,,,,,
6276,908,5482,1245,5267,4966,2549,1954,,1781,2976,2839,4349,3351,,,,,,,,,
6396,877,5577,1196,5364,5076,2313,1883,,1714,2900,2764,4458,3276,,,,,,,,,
6198,902,5406,1242,5184,4928,2493,1924,,1733,2909,2771,4305,3283,,,,,,,,,
7091,1072,6301,1409,6091,5821,2720,2137,,1964,3152,3016,5141,3571,,,,,,,,,
6441,876,5615,1211,5401,5146,2204,1835,,1666,2738,2600,4532,3155,,,,,,,,,
6122,906,5349,1227,5139,4865,2391,1843,,1668,2805,2669,4203,3220,,,,,,,,,
6208,906,5416,1227,5196,4922,2424,1865,,1697,2846,2710,4266,3267,,,,,,,,,
6575,989,5633,1329,5428,5178,2476,1934,,1778,2868,2742,4558,3258,,,,,,,,,
6260,908,5366,1228,5143,4889,2433,1880,,1710,2851,2713,4259,3268,,,,,,,,,
6036,879,5228,1198,5017,4745,2354,1813,,1643,2770,2634,4129,3142,,,,,,,,,
6208,906,5298,1227,5077,4804,2385,1839,,1670,2802,2665,4187,3220,,,,,,,,,
6100,908,5292,1227,5078,4808,2379,1840,,1668,2803,2669,4195,3171,,,,,,,,,
6132,873,5237,1192,5027,4755,2344,1788,,1617,2760,2626,4101,3130,,,,,,,,,
6128,906,5218,1225,4997,4724,2204,1820,,1651,2756,2618,4109,3128,,,,,,,,,
6187,910,5359,1227,5145,4873,2448,1877,,1708,2866,2730,4264,3285,,,,,,,,,
6153,879,5255,1200,5041,4773,2376,1814,,1645,2793,2657,4152,3167,,,,,,,,,
6214,902,5300,1225,5079,4806,2379,1841,,1670,2797,2657,4193,3212,,,,,,,,,
6088,876,5198,1197,4985,4717,2326,1810,,1641,2746,2610,4095,3118,,,,,,,,,
6007,904,5237,1225,5015,4743,2358,1822,,1654,2773,2637,4126,3147,,,,,,,,,
6102,872,5273,1193,5052,4784,2340,1802,,1633,2759,2623,4154,3175,,,,,,,,,
6074,876,5178,1194,4967,4698,2287,1790,,1621,2704,2568,4087,3077,,,,,,,,,
21137,904,20294,1225,19994,19614,2342,1822,,1653,2758,2620,18761,3134,,,,,,,,,
6289,904,5483,1290,5259,4991,2340,1948,,1780,2893,2757,4329,3264,,,,,,,,,
6500,875,5697,1204,5484,5216,2189,1826,,1657,2738,2602,4099,3105,,,,,,,,,
6136,902,5362,1235,5112,4842,2405,1875,,1706,2829,2693,4229,3244,,,,,,,,,
6085,873,5192,1206,4980,4726,2197,1830,,1661,2744,2608,4103,3116,,,,,,,,,
6179,904,5283,1239,5062,4818,2429,1879,,1710,2854,2716,4201,3228,,,,,,,,,
6313,907,5419,1243,5165,4893,2443,1893,,1724,2870,2734,4279,3288,,,,,,,,,
6063,875,5170,1211,4956,4715,2326,1818,,1649,2744,2606,4101,3118,,,,,,,,,
5959,867,5153,1188,4942,4698,2323,1810,,1647,2728,2596,4093,3085,,,,,,,,,
6043,869,5174,1186,4960,4717,2334,1808,,1647,2746,2612,4122,3149,,,,,,,,,
5687,838,4938,1143,4734,4505,2210,1734,,1572,2618,2486,3952,2979,,,,,,,,,
6240,870,5099,1174,4887,4642,2314,1798,,1637,2718,2586,4051,3078,,,,,,,,,
5827,838,5023,1145,4820,4562,2071,1730,,1568,2600,2468,3973,3000,,,,,,,,,
5864,867,5078,1172,4869,4637,2291,1775,,1615,2704,2572,4038,3067,,,,,,,,,
5951,847,5084,1154,4873,4627,2120,1757,,1594,2649,2517,4032,3051,,,,,,,,,
5689,837,4940,1143,4739,4507,2064,1720,,1560,2569,2435,3906,2931,,,,,,,,,
6850,1012,6052,1349,5808,5542,2720,1975,,1814,3131,3001,4902,3529,,,,,,,,,
6122,872,5249,1195,5038,4778,2208,1804,,1641,2738,2604,4132,3140,,,,,,,,,
6134,841,5247,1164,5035,4778,2303,1749,,1586,2714,2582,4138,3114,,,,,,,,,
6012,900,5232,1216,5019,4773,2354,1824,,1661,2758,2626,4093,3120,,,,,,,,,
5911,825,5158,1144,4944,4686,2259,1733,,1572,2665,2531,4059,3063,,,,,,,,,
6073,869,5200,1190,4989,4757,2324,1797,,1633,2728,2596,4113,3089,,,,,,,,,
6853,887,5787,1208,5502,5214,2445,1935,,1773,2896,2764,4617,3298,,,,,,,,,
6139,998,5367,1296,5162,4912,2410,1896,,1741,2812,2684,4333,3165,,,,,,,,,
5718,834,4954,1131,4757,4509,2086,1722,,1568,2600,2474,3920,2953,,,,,,,,,
5925,870,5119,1176,4916,4658,2324,1794,,1631,2736,2604,4067,3094,,,,,,,,,
6248,822,5383,1129,5169,4913,2238,1712,,1552,2645,2513,4018,3004,,,,,,,,,
5945,895,5163,1202,4952,4692,2313,1779,,1618,2715,2587,4099,3077,,,,,,,,,
5797,822,5047,1127,4834,4576,2090,1714,,1552,2616,2484,3981,2978,,,,,,,,,
5964,849,5092,1158,4883,4625,2121,1745,,1584,2649,2517,4010,3006,,,,,,,,,
6037,847,5151,1156,4910,4652,2265,1741,,1576,2671,2537,4057,3029,,,,,,,,,
6426,991,5655,1287,5453,5202,2340,1848,,1694,2732,2606,4578,3122,,,,,,,,,
6122,851,5231,1176,4987,4727,2291,1761,,1601,2704,2572,4093,3063,,,,,,,,,
6034,849,5145,1174,4903,4643,2273,1761,,1600,2675,2543,4050,3075,,,,,,,,,
5909,821,5044,1140,4833,4575,2222,1713,,1550,2625,2493,3977,2984,,,,,,,,,
6025,869,5155,1176,4942,4682,2283,1749,,1588,2689,2555,4083,3088,,,,,,,,,
6203,841,5332,1149,5120,4860,2096,1724,,1562,2608,2476,3963,2969,,,,,,,,,
5927,851,5121,1158,4910,4648,2121,1745,,1584,2651,2519,4030,3051,,,,,,,,,
6341,1011,5466,1316,5224,4954,2498,1970,,1810,2907,2777,4318,3307,,,,,,,,,
5927,818,5062,1125,4850,4592,2230,1710,,1550,2634,2500,3987,2994,,,,,,,,,
5892,849,5021,1153,4810,4564,2112,1742,,1582,2642,2508,3965,3000,,,,,,,,,
5941,847,5051,1153,4838,4594,2110,1736,,1576,2638,2506,4001,3036,,,,,,,,,
5976,818,5226,1125,5015,4771,2236,1710,,1550,2636,2508,3955,2998,,,,,,,,,
5980,868,5115,1176,4904,4672,2133,1759,,1599,2659,2529,4069,3059,,,,,,,,,
6384,837,5494,1145,5293,5047,2242,1716,,1556,2654,2520,4454,3055,,,,,,,,,
5876,869,5074,1174,4861,4629,2133,1759,,1598,2661,2531,4026,3028,,,,,,,,,
6764,1046,5955,1369,5712,5441,2508,1968,,1805,2912,2784,4763,3345,,,,,,,,,
5840,807,5076,1115,4873,4625,2204,1688,,1528,2598,2470,3992,2950,,,,,,,,,
5907,835,5058,1142,4826,4577,2216,1707,,1550,2606,2480,3959,2960,,,,,,,,,
5903,837,5036,1146,4833,4585,2200,1694,,1540,2592,2466,3967,2982,,,,,,,,,
5708,806,4946,1113,4743,4495,2181,1676,,1521,2573,2445,3916,2925,,,,,,,,,
7188,1184,6343,1493,6110,5860,3138,2104,,1940,3528,3402,4879,3912,,,,,,,,,
5682,807,4916,1115,4711,4463,2192,1688,,1532,2584,2458,3912,2937,,,,,,,,,
5740,835,5009,1131,4775,4528,2190,1678,,1521,2582,2456,3906,2933,,,,,,,,,
5773,835,5029,1131,4826,4576,2196,1692,,1536,2596,2470,3957,2963,,,,,,,,,
5733,807,4955,1103,4752,4504,2160,1650,,1493,2550,2424,3888,2915,,,,,,,,,
5846,835,4995,1131,4792,4544,2192,1688,,1532,2584,2458,3924,2935,,,,,,,,,
6164,834,5027,1129,4795,4547,2179,1675,,1519,2571,2447,3942,2955,,,,,,,,,
5760,804,4913,1101,4710,4462,2165,1661,,1505,2555,2431,3879,2906,,,,,,,,,
5783,831,4940,1127,4735,4487,2191,1688,,1531,2590,2464,3912,2943,,,,,,,,,
5659,806,4927,1101,4724,4476,2167,1661,,1505,2559,2433,3900,2912,,,,,,,,,
5703,832,4958,1127,4755,4505,2159,1675,,1517,2559,2433,3885,2910,,,,,,,,,
6548,1003,5772,1312,5543,5289,2437,1909,,1745,2835,2703,4665,3225,,,,,,,,,
5813,808,4970,1115,4765,4517,2027,1673,,1515,2541,2417,3912,2925,,,,,,,,,
5813,835,4964,1147,4769,4519,2066,1710,,1554,2579,2454,3912,2933,,,,,,,,,
5809,806,4960,1117,4765,4515,2043,1681,,1523,2555,2429,3908,2939,,,,,,,,,
5927,806,5183,1113,4980,4732,2159,1675,,1519,2557,2433,3930,2943,,,,,,,,,
5788,835,5028,1144,4794,4544,2211,1705,,1550,2603,2477,3927,2958,,,,,,,,,
5729,789,4878,1097,4674,4427,2015,1660,,1502,2527,2401,3848,2877,,,,,,,,,
5837,818,4986,1127,4783,4533,2193,1688,,1533,2592,2466,3916,2947,,,,,,,,,
5848,807,5003,1116,4798,4548,2174,1672,,1516,2572,2446,3929,2956,,,,,,,,,
5699,788,4852,1082,4649,4401,2153,1643,,1487,2541,2417,3863,2896,,,,,,,,,
5736,818,4956,1113,4751,4501,2177,1673,,1515,2569,2443,3881,2919,,,,,,,,,
5781,790,4999,1084,4796,4544,2149,1645,,1489,2547,2421,3926,2931,,,,,,,,,
5730,788,4885,1083,4682,4432,2145,1642,,1487,2537,2411,3860,2889,,,,,,,,,
5878,832,5015,1127,4783,4531,2181,1677,,1521,2571,2447,3930,2957,,,,,,,,,
5773,807,4993,1101,4790,4542,2168,1660,,1505,2566,2440,3921,2950,,,,,,,,,
5866,838,5015,1133,4781,4531,2199,1685,,1529,2589,2463,3912,2941,,,,,,,,,
6454,992,5678,1302,5444,5186,2375,1865,,1707,2767,2643,4567,3153,,,,,,,,,
5730,806,4966,1113,4771,4524,2021,1663,,1507,2533,2407,3906,2917,,,,,,,,,
5868,835,5017,1142,4814,4562,2216,1704,,1548,2606,2480,3943,2958,,,,,,,,,
5874,835,5025,1142,4802,4552,2058,1702,,1546,2572,2446,3929,2958,,,,,,,,,
6189,804,5344,1109,5141,4893,2306,1656,,1501,2696,2572,4010,3047,,,,,,,,,
5879,835,5017,1144,4814,4564,2214,1704,,1548,2604,2480,3959,2988,,,,,,,,,
5896,806,5029,1113,4826,4578,2181,1673,,1517,2579,2453,3962,2963,,,,,,,,,
6846,1022,6100,1347,5907,5649,2706,2125,,1969,3181,3055,4985,3565,,,,,,,,,
5824,805,4979,1111,4776,4542,2180,1676,,1520,2570,2446,3959,2921,,,,,,,,,
5576,803,4849,1097,4646,4400,2127,1642,,1487,2521,2395,3829,2870,,,,,,,,,
5580,806,4852,1097,4651,4404,2112,1659,,1503,2498,2376,3827,2850,,,,,,,,,
5700,829,4942,1124,4739,4491,2188,1682,,1526,2586,2460,3906,2933,,,,,,,,,
5755,804,4895,1097,4692,4459,2145,1656,,1501,2531,2409,3884,2884,,,,,,,,,
5746,833,4889,1127,4686,4440,2179,1674,,1517,2571,2446,3890,2923,,,,,,,,,
5867,833,4981,1124,4778,4542,2249,1672,,1516,2649,2523,4008,3041,,,,,,,,,
5962,987,5222,1282,5019,4771,2380,1907,,1751,2777,2653,4156,3162,,,,,,,,,
5639,831,4916,1126,4713,4477,2040,1688,,1534,2533,2407,3904,2897,,,,,,,,,
5720,831,4877,1126,4674,4451,2038,1686,,1532,2547,2423,3882,2915,,,,,,,,,
5751,805,4902,1097,4700,4453,2013,1660,,1505,2523,2399,3880,2876,,,,,,,,,
5856,839,5104,1139,4911,4668,2259,1716,,1560,2647,2523,4036,3035,,,,,,,,,
6424,987,5620,1281,5393,5159,2354,1864,,1706,2748,2622,4541,3132,,,,,,,,,
5714,861,4989,1154,4794,4546,2238,1739,,1580,2628,2502,3973,2978,,,,,,,,,
5821,830,5094,1125,4891,4643,2179,1686,,1531,2569,2445,3885,2919,,,,,,,,,
5625,804,4899,1099,4696,4448,2143,1645,,1489,2533,2409,3874,2884,,,,,,,,,
5680,831,4835,1126,4632,4386,2023,1672,,1516,2533,2409,3849,2883,,,,,,,,,
5765,813,4924,1111,4721,4473,2180,1672,,1516,2566,2444,3892,2917,,,,,,,,,
5791,832,4944,1127,4740,4505,2187,1681,,1525,2579,2453,3928,2963,,,,,,,,,
5630,832,4901,1127,4696,4464,2055,1698,,1543,2567,2443,3889,2921,,,,,,,,,
5708,833,4982,1127,4779,4546,2198,1690,,1533,2590,2466,3959,2984,,,,,,,,,
5681,806,4916,1101,4711,4477,2171,1662,,1505,2564,2438,3900,2923,,,,,,,,,
5665,833,4934,1127,4731,4483,2194,1690,,1533,2584,2460,3910,2937,,,,,,,,,
5710,835,4981,1130,4762,4514,2200,1693,,1536,2590,2466,3941,2976,,,,,,,,,
5757,833,4954,1127,4735,4487,2196,1690,,1534,2586,2460,3912,2941,,,,,,,,,
6108,806,5263,1101,5058,4810,2169,1665,,1507,2561,2435,3928,2945,,,,,,,,,
5811,808,4897,1103,4692,4458,2165,1665,,1509,2557,2431,3882,2909,,,,,,,,,
5807,832,4954,1127,4751,4517,2187,1683,,1525,2579,2453,3938,2961,,,,,,,,,
6215,993,5478,1292,5275,5043,2364,1903,,1745,2758,2632,4434,3144,,,,,,,,,
5661,833,4919,1129,4724,4489,2204,1698,,1541,2600,2476,3942,2955,,,,,,,,,
5769,790,4904,1087,4700,4465,2149,1641,,1485,2549,2423,3888,2901,,,,,,,,,
5801,833,4930,1129,4727,4479,2177,1692,,1536,2576,2450,3904,2931,,,,,,,,,
5970,817,5243,1112,5040,4792,2178,1672,,1516,2576,2450,3896,2927,,,,,,,,,
5645,788,4920,1083,4717,4467,2149,1644,,1489,2547,2422,3890,2897,,,,,,,,,
5706,817,4942,1121,4739,4503,2208,1702,,1546,2606,2482,3927,2958,,,,,,,,,
5695,816,4950,1119,4747,4497,2187,1682,,1525,2585,2460,3924,2937,,,,,,,,,
5670,805,4945,1112,4741,4494,2176,1672,,1516,2574,2448,3923,2926,,,,,,,,,
5787,829,4926,1125,4721,4475,2190,1686,,1530,2588,2462,3902,2939,,,,,,,,,
5685,832,4938,1127,4735,4487,2047,1686,,1531,2559,2435,3912,2941,,,,,,,,,
5679,790,4934,1083,4731,4485,2147,1645,,1489,2537,2411,3910,2890,,,,,,,,,
5773,815,4914,1107,4713,4465,2174,1670,,1514,2570,2446,3888,2919,,,,,,,,,
5737,786,4879,1079,4676,4428,2137,1642,,1485,2525,2399,3856,2877,,,,,,,,,
5789,817,4926,1111,4721,4475,2175,1670,,1515,2572,2448,3910,2925,,,,,,,,,
5698,813,4922,1107,4719,4467,2027,1670,,1515,2539,2413,3880,2889,,,,,,,,,
6253,786,5507,1081,5304,5056,2149,1642,,1485,2539,2415,4041,2891,,,,,,,,,
6618,1024,5763,1333,5560,5300,2440,1928,,1773,2830,2706,4495,3216,,,,,,,,,
6731,753,6226,1194,6096,5909,3276,2220,,2078,3906,3806,5273,4345,,,,,,,,,
